CrashId,AgencyOri,AgencyCaseNumber,CrashType,CrashDate,CrashDateUnk,InvestigationDate,ResponseMinuites,ResponseTimeUnk,NumberInjured,NumberMinorInjuries,NumberDisablingInjuries,NumberKilled,County,Municipality,BeatZone,TroopDistrict,OnOffRoadway,RoadMaintainedBy,HighwayClass,RouteDesignater,TrafficwayType,LogPoint,LandedLongitude,LandedLattitude,OnLocHighway,OnLocStreet,OnLocDirection,OnLocSpeedLimit,OnLocDistanceFromFeet,OnLocDistanceFromMiles,IntersectionType,IntersectionLocation,AtLocStreet,IntersectionDirection,AtLocationSpeedLimit,RoadAlignment,RoadProfile,RoadSurface,LightCondition,NumberVehicles,TwoVehicleAnalysis,InvestigatedAtScene,LeftTheScene,WeatherCondition1,WeatherCondition2,WeatherCondition3,RoadCondition1,RoadCondition2
2150002862,MO0100200,2015014131,07,2015-01-23 20:17:00.0,,2015-01-23 00:00:00.0,12,,0,0,0,0,010,0610,NA,NA,1,1,K,CRD,1,2.427,-92.25317,38.96004,,CRD ST CHARLES RD,S,35,0,0,02,AT,IS 70,E,70,1,1,2,2,2,64,Y,N,1,,,1,
2150003389,MO0100200,2015005634,07,2015-01-10 14:57:00.0,,2015-01-10 00:00:00.0,4,,3,3,0,0,010,0610,NA,NA,1,3,L,CST,1,0,-92.32631,38.95657,,CST TENTH ST,N,30,0,0,03,AT,CST ROGERS ST,E,35,1,1,2,1,2,64,Y,N,2,,,1,
2150003393,MO0100200,2015022920,07,2015-02-05 20:50:00.0,,2015-02-05 00:00:00.0,0,,0,0,0,0,010,0610,NA,NA,1,1,D,MO,1,4.054,-92.3249,38.96862,763,MO 763,N,35,0,0,01,AT,IS 70,E,60,1,5,1,6,2,61,Y,N,1,6,,1,
2150003562,MO0100200,2015020331,03,2015-02-02 03:24:00.0,,2015-02-02 00:00:00.0,12,,0,0,0,0,010,0610,NA,NA,2,3,B,US,3,122.583,-92.2948,38.92734,63,US 63,S,65,5280,1,01,B,CST GRINDSTONE PKWY,E,50,1,6,1,3,2,NA,Y,N,6,,,3,4
2150003565,MO0100200,2015022460,03,2015-02-05 07:23:00.0,,2015-02-05 00:00:00.0,8,,0,0,0,0,010,0610,NA,NA,2,1,A,IS,3,130.487,-92.26244,38.96044,70,IS 70,E,60,2640,0.5,01,B,CRD LAKE OF THE WOODS RD,N,40,1,1,2,1,2,NA,Y,N,2,,,2,
2150004194,MO0100200,2015027380,07,2015-02-12 13:56:00.0,,2015-02-12 00:00:00.0,9,,0,0,0,0,010,0610,NA,NA,1,3,L,CST,1,1.447,-92.36137,38.92038,,CST FORUM BLVD,S,35,1584,0.3,01,B,CST WOODRAIL AVE,S,30,1,1,1,1,2,61,Y,N,1,,,1,
2150004474,MO0100200,2015034658,07,2015-02-24 18:30:00.0,,2015-02-24 00:00:00.0,8,,0,0,0,0,010,0610,NA,NA,1,3,L,CST,1,0.373,-92.28489,38.96394,,CST CLARK LN,E,35,300,0.06,01,A,CST CREEKWOOD PKWY,N,30,1,4,2,2,2,64,Y,N,6,,,1,
2150005064,MO0100200,2015025006,07,2015-02-09 07:50:00.0,,2015-02-09 00:00:00.0,11,,0,0,0,0,010,0610,NA,NA,1,3,L,CST,1,1.772,-92.27626,38.9638,,CST CLARK LN,W,35,30,0.01,01,B,CST HICKAM DR,S,30,1,3,6,1,2,61,Y,N,1,,,1,
2150005525,MO0100200,2015037529,07,2015-02-28 15:02:00.0,,2015-02-28 00:00:00.0,0,,0,0,0,0,010,0610,NA,NA,1,1,K,CRD,1,2.427,-92.25317,38.96004,,CRD ST CHARLES RD,E,35,0,0,02,AT,IS 70,W,35,1,1,1,1,2,64,Y,N,4,,,3,
2150005681,MO0100200,2015023314,07,2015-02-06 13:17:00.0,,2015-02-06 00:00:00.0,21,,0,0,0,0,010,0610,NA,NA,1,1,B,US,3,123.6777,-92.29369,38.91149,63,US 63,S,65,500,0.09,01,A,CST GRINDSTONE PKWY,N,35,2,1,2,1,2,61,Y,N,1,,,1,
2150006145,MO0100200,2015041574,07,2015-03-06 22:17:00.0,,2015-03-06 00:00:00.0,4,,0,0,0,0,010,0610,NA,NA,1,1,L,CST,1,0.244,-92.2951,38.93221,,CST STADIUM BLVD,W,35,0,0,02,AT,US 63,S,65,1,1,2,2,2,64,Y,N,1,,,1,
2150016544,MO0100200,2015086576,02,2015-05-15 21:51:00.0,,2015-05-15 00:00:00.0,2,,1,1,0,0,010,0610,NA,NA,1,3,L,CST,1,4.14959,-92.32693,38.9515,,CST BROADWAY,E,20,150,0.03,01,B,CST TENTH ST,N,20,1,1,2,2,2,NA,Y,N,3,,,2,
2150016546,MO0100200,2015089998,07,2015-05-21 11:06:00.0,,2015-05-21 00:00:00.0,7,,1,1,0,0,010,0610,NA,NA,1,1,D,MO,1,0.773,-92.33411,38.95831,163,MO 163,S,35,0,0,02,AT,CST HICKMAN AVE,W,25,1,5,2,1,2,64,Y,Y,2,,,1,
2150017026,MO0100200,2015104820,07,2015-06-13 14:04:00.0,,2015-06-13 00:00:00.0,21,,2,1,1,0,010,0610,NA,NA,1,1,H,RT,5,8.673,-92.27588,39.00495,B,RT B,N,55,2640,0.5,01,B,CST WACO RD,E,30,1,1,1,1,2,60,Y,N,2,,,2,
2150017405,MO0100200,2015104848,07,2015-06-13 15:12:00.0,,2015-06-13 00:00:00.0,19,,1,1,0,0,010,0610,NA,NA,1,1,B,US,5,0.937,-92.29209,38.96112,63C,US 63C,N,45,0,0,02,AT,RP 7724,S,65,1,1,2,1,2,61,Y,N,2,,,1,
2150017903,MO0100200,2015086349,03,2015-05-15 15:40:00.0,,2015-05-15 00:00:00.0,15,,1,1,0,0,010,0610,NA,NA,2,3,K,CRD,1,0.17148,-92.28854,38.94879,,CRD ST CHARLES RD,E,40,800,0.15,01,B,CST DORADO DR,N,20,2,1,2,1,1,NA,Y,N,2,,,1,
2150017905,MO0100200,2015101629,03,2015-06-08 21:55:00.0,,2015-06-08 00:00:00.0,5,,1,1,0,0,010,0610,NA,NA,2,5,A,IS,3,120.009,-92.27164,38.96099,70,IS 70,W,60,5280,1,01,A,CRD ST CHARLES RD,NA,35,1,1,2,3,1,NA,Y,N,1,,,1,
2150018299,MO0100200,2015098080,07,2015-06-03 12:40:00.0,,2015-06-03 00:00:00.0,13,,0,0,0,0,010,0610,NA,NA,1,3,L,CST,5,0.351,-92.29412,38.95639,,CST CONLEY RD,S,20,0,0,03,AT,PP 415 CONLEY RD,E,20,2,4,2,1,2,64,Y,N,2,3,,2,
2150018308,MO0100200,2015105295,07,2015-06-14 08:48:00.0,,2015-06-14 00:00:00.0,21,,0,0,0,0,010,0610,NA,NA,1,3,L,CST,1,1.559,-92.29843,38.91299,,CST GRINDSTONE PKWY,E,50,0,0,01,AT,CST BLUFF CREEK DR,N,30,1,1,1,1,2,61,Y,N,2,3,,2,
2150018310,MO0100200,2015106572,07,2015-06-16 16:04:00.0,,2015-06-16 00:00:00.0,9,,0,0,0,0,010,0610,NA,NA,1,1,I,RT,1,2.287,-92.29378,38.91287,AC,RT AC,W,35,0,0,02,AT,US 63,N,65,1,1,1,1,2,64,Y,N,3,,,2,
2150018731,MO0100200,2015121289,03,2015-07-08 17:04:00.0,,2015-07-08 00:00:00.0,-1,U,1,1,0,0,010,0610,NA,NA,2,1,A,IS,3,123.25261,-92.33016,38.96897,70,IS 70,W,60,1000,0.19,01,B,MO 163,S,35,1,4,2,1,1,NA,N,N,3,,,2,
2150019231,MO0100200,2015120289,07,2015-07-07 07:45:00.0,,2015-07-07 00:00:00.0,20,,0,0,0,0,010,0610,NA,NA,1,3,L,CST,1,1.90285,-92.32656,38.91324,,CST GREEN MEADOWS RD,E,30,80,0.02,01,B,CST GRAY OAK DR,S,25,1,1,2,1,2,64,Y,N,2,,,1,
2150019831,MO0100200,2015116749,07,2015-07-02 08:05:00.0,,2015-07-02 00:00:00.0,9,,0,0,0,0,010,0610,NA,NA,1,1,B,US,3,1.034,-92.29224,38.95972,63C,US 63C,S,45,120,0.02,01,B,SOR 70,E,35,1,1,1,1,2,63,Y,N,2,,,1,
2150020005,MO0100200,2015112390,07,2015-06-25 16:17:00.0,,2015-06-25 00:00:00.0,7,,0,0,0,0,010,0610,NA,NA,1,3,L,CST,3,1.702,-92.33368,38.96901,,CST PROVIDENCE RD,N,40,0,0,02,AT,IS 70,E,60,1,1,1,1,2,64,Y,N,1,,,1,
2150020007,MO0100200,2015117180,05,2015-07-02 17:59:00.0,,2015-07-02 00:00:00.0,1,,0,0,0,0,010,0610,NA,NA,1,1,D,MO,1,0.569,-92.33396,38.96124,163,MO 163,N,35,0,0,03,AT,CST 4TH AVE,E,25,1,1,2,1,1,NA,Y,N,2,,,1,
2150020218,MO0100200,2015111913,07,2015-06-24 21:43:00.0,,2015-06-24 00:00:00.0,7,,1,1,0,0,010,0610,NA,NA,1,4,L,CST,2,0.67,-92.32301,38.91124,,CST GRINDSTONE PKWY,E,50,0,0,02,AT,PVT GRINDSTONE PLAZA,U,25,1,1,2,2,2,61,Y,N,1,,,1,
2150020221,MO0100200,2015126705,03,2015-07-16 14:17:00.0,,2015-07-16 00:00:00.0,7,,0,0,0,0,010,0610,NA,NA,2,3,L,CST,1,0.078,-92.31896,39.00646,,CST EDENTON DR,N,30,300,0.06,01,B,CST GREENSBORO DR,E,25,1,5,1,1,1,NA,Y,N,1,,,1,
2150020378,MO0100200,2015116240,07,2015-07-01 15:00:00.0,,2015-07-01 00:00:00.0,11,,2,2,0,0,010,0610,NA,NA,1,1,L,CST,1,1.61582,-92.29738,38.91296,,CST GRINDSTONE PKWY,E,50,300,0.06,01,A,CST BLUFF CREEK DR,S,30,1,1,2,1,2,61,Y,N,2,,,1,
2150020903,MO0100200,2015122241,09,2015-07-10 08:37:00.0,,2015-07-10 00:00:00.0,7,,0,0,0,0,010,0610,NA,NA,2,3,L,CST,1,0.107,-92.34217,38.91422,,CST EL CORTEZ DR,W,30,200,0.04,01,B,CST SIERRA MADRE,S,30,1,1,1,1,2,63,Y,N,2,,,1,
2150021214,MO0100200,2015128938,03,2015-07-20 02:30:00.0,,2015-07-20 00:00:00.0,15,,0,0,0,0,010,0610,NA,NA,2,3,L,CST,1,0.235,-92.37869,38.96444,,CST FAIRVIEW RD,N,35,528,0.1,01,B,CST BERNADETTE DR,E,35,2,3,1,2,1,NA,Y,N,1,,,1,
2150022219,MO0100200,2015140543,02,2015-08-06 19:36:00.0,,2015-08-06 00:00:00.0,8,,2,2,0,0,010,0610,NA,NA,1,3,L,CST,1,0.11307,-92.2538,38.95032,,CST VOLUNTEER RD,E,25,597,0.11,01,A,CST GRACE LN,E,25,1,5,2,1,2,NA,Y,N,1,,,1,
2150023012,MO0100200,2015134866,09,2015-07-29 00:01:00.0,,2015-07-29 00:00:00.0,4,,0,0,0,0,010,0610,NA,NA,2,3,L,CST,1,1.17106,-92.35291,38.94853,,CST WEST BLVD,S,30,100,0.02,01,B,CST STEWART RD,W,30,1,1,2,3,3,64,Y,N,1,,,1,
2150023014,MO0100200,2015140863,07,2015-08-07 10:32:00.0,,2015-08-07 00:00:00.0,11,,0,0,0,0,010,0610,NA,NA,1,3,A,IS,4,121.108,-92.29203,38.96186,70,IS 70,W,60,0,0,04,AT,US 63C,NA,40,2,1,2,1,2,61,Y,N,2,,,1,
2150023611,MO0100200,2015143634,07,2015-08-11 18:35:00.0,,2015-08-11 00:00:00.0,58,,1,1,0,0,010,0610,NA,NA,1,U,L,CST,1,4.687,-92.35929,38.93804,,CST STADIUM BLVD,E,50,0,0,03,AT,CST FORUM BLVD,S,35,1,4,2,1,2,64,Y,N,1,,,1,
2150023738,MO0100200,2015146358,07,2015-08-15 11:40:00.0,,2015-08-15 00:00:00.0,22,,0,0,0,0,010,0610,NA,NA,1,1,I,RT,3,0.831,-92.38071,38.95469,TT,RT TT,E,35,0,0,02,AT,CST FAIRVIEW RD,W,30,1,5,1,1,2,64,Y,N,1,,,1,
2150024032,MO0100200,2015150962,03,2015-08-22 10:54:00.0,,2015-08-22 00:00:00.0,7,,0,0,0,0,010,0610,NA,NA,2,4,M,LP,2,0.81088,-92.33784,38.96513,70,LP 70,E,35,200,0.04,01,A,CST GARTH,U,30,1,1,2,1,1,NA,Y,N,2,,,1,
2150024260,MO0100200,2015145762,07,2015-08-14 15:10:00.0,,2015-08-14 00:00:00.0,12,,1,1,0,0,010,0610,NA,NA,1,1,A,IS,4,125.4923,-92.36945,38.96774,70,IS 70,W,60,500,0.09,01,B,MO 740,W,45,1,4,2,1,3,61,Y,N,1,,,1,
2150024583,MO0100200,2015148182,07,2015-08-18 14:28:00.0,,2015-08-18 00:00:00.0,0,,1,1,0,0,010,0610,NA,NA,1,3,L,CST,1,4.117,-92.32754,38.9515,,CST BROADWAY,E,20,0,0,01,NA,CST NINTH ST,N,20,1,1,1,1,2,61,Y,N,1,,,1,
2150024585,MO0100200,2015156606,07,2015-08-30 20:39:00.0,,2015-08-30 00:00:00.0,16,,0,0,0,0,010,0610,NA,NA,1,3,L,CST,1,0.795,-92.32172,38.95247,,CST COLLEGE AVE,S,30,0,0,01,NA,CST WALNUT ST,E,20,1,1,1,2,2,61,Y,N,1,,,1,
2150024586,MO0100200,2015157495,07,2015-09-01 07:52:00.0,,2015-09-01 00:00:00.0,2,,0,0,0,0,010,0610,NA,NA,1,1,L,CST,1,2.531,-92.33409,38.95369,,CST ASH ST,W,30,0,0,01,NA,MO 163,N,35,1,1,1,1,2,60,Y,N,1,,,1,
2150024829,MO0100200,2015145589,07,2015-08-14 12:18:00.0,,2015-08-14 00:00:00.0,7,,2,2,0,0,010,0610,NA,NA,1,1,H,RT,5,9.958,-92.28586,38.98801,B,RT B,S,55,0,0,01,AT,US 63,S,60,1,1,6,1,2,61,Y,N,1,,,1,
2150024830,MO0100200,2015155395,02,2015-08-28 19:13:00.0,,2015-08-28 00:00:00.0,6,,1,1,0,0,010,0610,NA,NA,1,3,L,CST,1,0,-92.35259,38.96549,,CST WEST BLVD,N,30,0,0,01,AT,SOR 70,N,35,1,1,2,1,2,NA,Y,N,2,,,1,
2150025035,MO0100200,2015145013,07,2015-08-13 15:45:00.0,,2015-08-13 00:00:00.0,8,,0,0,0,0,010,0610,NA,NA,1,3,L,CST,1,0.438,-92.29386,38.95517,,CST CONLEY RD,S,35,1056,0.2,01,A,US 63,S,40,1,4,2,1,2,64,Y,N,1,,,1,
2150025039,MO0100200,2015148302,07,2015-08-18 16:22:00.0,,2015-08-18 00:00:00.0,5,,0,0,0,0,010,0610,NA,NA,1,3,L,CST,1,2.327,-92.33914,38.90866,,CST NIFONG BLVD,E,40,0,0,03,AT,CST PEACHTREE CT,N,30,2,1,2,1,2,64,Y,N,1,,,1,
2150025043,MO0100200,2015150450,07,2015-08-21 16:49:00.0,,2015-08-21 00:00:00.0,26,,1,1,0,0,010,0610,NA,NA,1,1,L,CST,2,0,-92.35929,38.93804,,CST FORUM BLVD,N,35,0,0,01,NA,MO 740,W,50,2,1,1,1,2,61,Y,N,1,,,1,
2150025572,MO0100200,2015160887,07,2015-09-05 16:36:00.0,,2015-09-05 00:00:00.0,11,,1,1,0,0,010,0610,NA,NA,1,3,L,CST,1,0.812,-92.31715,38.94782,,CST WILLIAM ST,S,20,0,0,02,AT,CST ANTHONY ST,W,20,1,4,1,1,2,63,Y,N,1,,,1,
2150026414,MO0100200,2015162035,03,2015-09-07 20:28:00.0,,2015-09-07 00:00:00.0,6,,0,0,0,0,010,0610,NA,NA,2,1,A,IS,3,121.08906,-92.29167,38.96185,70,IS 70,W,60,100,0.02,01,B,US 63C,N,45,1,1,2,6,1,NA,Y,N,1,,,1,
2150026416,MO0100200,2015162460,07,2015-09-08 14:40:00.0,,2015-09-08 00:00:00.0,9,,0,0,0,0,010,0610,NA,NA,1,3,L,CST,1,1.824,-92.32652,38.97465,,CST RANGELINE,S,45,0,0,01,NA,CST ELLETA BLVD,W,25,1,1,6,1,2,61,Y,N,3,,,2,
2150027059,MO0100200,2015165791,07,2015-09-13 15:01:00.0,,2015-09-13 00:00:00.0,7,,0,0,0,0,010,0610,NA,NA,1,1,L,CST,1,2.33,-92.311,38.93257,,CST OLD HWY 63,N,35,232,0.04,01,A,CST STADIUM BLVD,E,55,1,4,2,1,3,61,Y,N,1,,,1,
2150004191,MO0100200,2015026497,09,2015-02-11 09:51:00.0,,2015-02-11 00:00:00.0,4,,0,0,0,0,010,0610,NA,NA,2,3,L,CST,1,0.014,-92.33558,38.95848,,CST HICKMAN AVE,W,25,75,0.01,01,B,CST WOODLAWN,N,25,1,1,1,1,2,60,Y,N,1,,,1,
2150004470,MO0100200,2015013371,05,2015-01-22 18:58:00.0,,2015-01-22 00:00:00.0,24,,0,0,0,1,010,0610,NA,NA,1,1,D,MO,3,10.80181,-92.33542,38.92045,163,MO 163,N,55,1,0,01,B,CST OLD RT K RD,E,35,1,1,2,2,1,NA,Y,N,2,,,1,
2150004843,MO0100200,2015020162,07,2015-02-01 19:15:00.0,,2015-02-01 00:00:00.0,0,,0,0,0,0,010,0610,NA,NA,1,3,D,MO,1,4.25,-92.33488,38.91023,163,MO 163,S,50,0,0,01,NA,RT AC,N,35,1,1,2,2,2,61,Y,N,4,,,3,
2150004844,MO0100200,2015026183,07,2015-02-10 18:44:00.0,,2015-02-10 00:00:00.0,11,,1,1,0,0,010,0610,NA,NA,1,4,L,CST,1,0.158,-92.29911,38.94778,,CST TREMBLE RD,E,35,0,0,03,AT,CST BROADWAY BLUFFS,S,35,2,5,2,2,2,64,Y,N,1,,,1,
2150005067,MO0100200,2015030583,07,2015-02-18 08:05:00.0,,2015-02-18 00:00:00.0,11,,0,0,0,0,010,0610,NA,NA,1,3,L,CST,1,1.657,-92.30228,38.99279,,CST SMILEY LN,E,20,0,0,02,AT,CRD OAKLAND GRAVEL RD,N,30,1,5,1,1,3,64,Y,N,1,,,1,
2150005068,MO0100200,2015033596,03,2015-02-23 08:42:00.0,,2015-02-23 00:00:00.0,0,,0,0,0,0,010,0610,NA,NA,2,1,I,RT,3,1.245,-92.37307,38.95406,TT,RT TT,W,35,150,0.03,01,B,CST HIGHLAND DR,N,25,1,1,2,1,1,NA,Y,N,2,,,1,
2150005685,MO0100200,2015032223,07,2015-02-20 14:48:00.0,,2015-02-20 00:00:00.0,16,,0,0,0,0,010,0610,NA,NA,1,3,L,CST,1,0.903,-92.36898,38.96094,,CST BERNADETTE DR,E,30,0,0,02,AT,CST WORLEY ST,S,30,1,1,2,1,2,60,Y,N,2,,,2,
2150005686,MO0100200,2015032389,07,2015-02-20 19:01:00.0,,2015-02-20 00:00:00.0,5,,0,0,0,0,010,0610,NA,NA,1,3,D,MO,1,4.014,-92.3348,38.91365,163,MO 163,S,30,1000,0.19,01,A,CST CARTER LN,W,30,1,1,1,3,2,60,Y,N,4,6,3,4,
2150006142,MO0100200,2015038573,07,2015-03-02 17:20:00.0,,2015-03-02 00:00:00.0,5,,0,0,0,0,010,0610,NA,NA,1,3,L,CST,1,1.31,-92.35291,38.94652,,CST WEST BLVD,S,30,0,0,01,NA,CST LATHROP RD,E,25,1,1,2,1,2,61,Y,N,1,6,,2,
2150006478,MO0100200,2015031769,07,2015-02-19 21:09:00.0,,2015-02-19 00:00:00.0,6,,3,3,0,0,010,0610,NA,NA,1,1,K,CRD,1,2.394,-92.25336,38.95959,,CRD ST CHARLES RD,S,45,0,0,02,AT,RP 103939,E,45,1,1,2,2,2,60,Y,N,2,6,,1,
2150006480,MO0100200,2015037477,07,2015-02-28 13:56:00.0,,2015-02-28 00:00:00.0,17,,3,3,0,0,010,0610,NA,NA,1,3,L,CST,1,1.68912,-92.35837,38.91797,,CST FORUM BLVD,S,35,200,0.04,01,B,CST CRESTWOOD LN,N,30,2,5,2,1,2,60,Y,N,4,,,3,
2150006482,MO0100200,2015037500,07,2015-02-28 14:52:00.0,,2015-02-28 00:00:00.0,9,,0,0,0,0,010,0610,NA,NA,1,3,L,CST,1,1.62147,-92.3069,38.94193,,CST OLD HWY 63,S,45,50,0.01,01,A,CST BLUFF BLVD,W,25,1,5,2,1,3,60,Y,N,4,,,5,
2150006625,MO0100200,2015003828,03,2015-01-07 14:57:00.0,,2015-01-07 00:00:00.0,12,,0,0,0,0,010,0610,NA,NA,2,3,L,CST,1,0.20965,-92.32719,38.91276,,CST GRAY OAK DR,E,30,250,0.05,01,B,CST GREEN MEADOWS RD,S,35,2,1,1,1,1,NA,Y,N,1,,,3,
2150006629,MO0100200,2015010738,07,2015-01-18 18:58:00.0,,2015-01-18 00:00:00.0,2,,0,0,0,0,010,0610,NA,NA,1,3,L,CST,1,1.254,-92.35856,38.90898,,CST NIFONG BLVD,W,40,300,0.06,01,A,CST CLUB VILLAGE DR,N,25,1,1,1,2,2,61,Y,N,1,,,1,
2150007049,MO0100200,2015047103,03,2015-03-15 02:21:00.0,,2015-03-15 00:00:00.0,7,,0,0,0,0,010,0610,NA,NA,1,1,B,US,4,121.27347,-92.29374,38.94628,63,US 63,S,65,50,0.01,01,A,CST BROADWAY,E,45,1,5,1,3,1,NA,Y,N,1,,,1,
2150007676,MO0100200,2015036626,07,2015-02-27 13:10:00.0,,2015-02-27 00:00:00.0,11,,0,0,0,0,010,0610,NA,NA,1,3,L,CST,1,2.052,-92.35274,38.95942,,CST WORLEY ST,W,30,0,0,02,AT,CST WEST BLVD,S,30,1,1,2,1,2,64,Y,N,1,,,1,
2150007682,MO0100200,2015049811,07,2015-03-19 12:19:00.0,,2015-03-19 00:00:00.0,3,,3,3,0,0,010,0610,NA,NA,1,3,L,CST,2,2.505,-92.33411,38.9574,,CST PROVIDENCE RD,S,35,0,0,02,AT,CST WORLEY ST,W,35,1,1,2,1,2,60,Y,N,2,3,,2,
2150007903,MO0100200,2015044330,07,2015-03-11 09:35:00.0,,2015-03-11 00:00:00.0,0,,0,0,0,0,010,0610,NA,NA,1,3,L,CST,1,2.276,-92.3742,38.93238,,CST CHAPEL HILL RD,W,30,0,0,01,NA,CST MARTINSHIRE DR,N,30,1,5,1,1,2,61,Y,N,1,,,1,
2150007904,MO0100200,2015050443,07,2015-03-20 09:46:00.0,,2015-03-20 00:00:00.0,8,,0,0,0,0,010,0610,NA,NA,1,1,D,MO,3,11.892,-92.33637,38.93494,163,MO 163,S,50,528,0.1,01,A,CST CHAMPIONS,E,30,1,4,1,1,2,61,Y,N,1,,,1,
2150010196,MO0100200,2015062943,03,2015-04-09 08:45:00.0,,2015-04-09 00:00:00.0,12,,0,0,0,0,010,0610,NA,NA,2,3,L,CST,3,5.36741,-92.39921,38.94696,,CST SCOTT BLVD,N,45,150,0.03,01,A,CST HARFIELD DR,E,25,1,4,1,1,1,NA,Y,N,2,,,2,
2150010207,MO0100200,2015070420,07,2015-04-20 16:29:00.0,,2015-04-20 00:00:00.0,12,,0,0,0,0,010,0610,NA,NA,1,3,L,CST,1,2.272,-92.33888,38.95394,,CST ASH ST,E,30,0,0,01,AT,CST GARTH AVE,S,30,1,1,2,1,3,64,Y,N,1,,,1,
2150010209,MO0100200,2015071194,07,2015-04-21 17:21:00.0,,2015-04-21 00:00:00.0,9,,0,0,0,0,010,0610,NA,NA,1,3,L,CST,1,2.98924,-92.3355,38.95758,,CST WORLEY ST,E,30,400,0.08,01,B,MO 163,S,35,1,1,1,1,3,61,Y,N,1,,,1,
2150010357,MO0100200,2015064099,07,2015-04-10 17:34:00.0,,2015-04-10 00:00:00.0,22,,0,0,0,0,010,0610,NA,NA,1,3,I,RT,2,2.23018,-92.29485,38.91289,AC,RT AC,E,45,300,0.06,01,B,US 63,N,65,1,1,2,1,2,61,Y,N,1,,,1,
2150010797,MO0100200,2015064543,07,2015-04-11 12:50:00.0,,2015-04-11 00:00:00.0,0,,1,1,0,0,010,0610,NA,NA,1,1,D,MO,1,0.033,-92.33368,38.96901,163,MO 163,S,35,0,0,02,AT,IS 70,E,45,1,1,1,1,2,64,Y,N,2,,,1,
2150010887,MO0100200,2015047503,03,2015-03-15 21:01:00.0,,2015-03-15 00:00:00.0,35,,1,0,1,0,010,0610,NA,NA,2,1,A,IS,3,122.45178,-92.3153,38.96828,70,IS 70,W,60,188,0.04,01,B,ERM WEST IS 70 MILE 1276,W,NA,1,5,2,3,1,NA,Y,N,1,,,1,
2150010888,MO0100200,2015066367,07,2015-04-14 14:56:00.0,,2015-04-14 00:00:00.0,6,,1,1,0,0,010,0610,NA,NA,1,1,A,IS,3,125.587,-92.37105,38.96832,70,IS 70,W,60,0,0,01,NA,MO 740,E,35,1,5,1,1,2,61,Y,N,2,,,1,
2150010891,MO0100200,2015074759,07,2015-04-26 22:10:00.0,,2015-04-26 00:00:00.0,-1,U,0,0,0,0,010,0610,NA,NA,1,1,A,IS,3,123.442,-92.33366,38.96914,70,IS 70,W,60,0,0,01,NA,MO 163,N,35,1,1,2,2,2,63,N,Y,2,,,1,
2150011418,MO0100200,2015037517,03,2015-02-28 15:24:00.0,,2015-02-28 00:00:00.0,25,,1,1,0,0,010,0610,NA,NA,2,1,A,IS,3,121.108,-92.29203,38.96186,70,IS 70,W,60,0,0,07,AT,US 63C,N,45,1,1,2,1,1,NA,Y,N,4,,,3,
2150011421,MO0100200,2015071037,07,2015-04-21 14:17:00.0,,2015-04-21 00:00:00.0,4,,0,0,0,0,010,0610,NA,NA,1,1,H,RT,5,11.83857,-92.3079,38.96751,B,RT B,S,40,3,0,01,A,CST CLARK LN,E,30,1,1,6,1,2,61,Y,N,1,,,1,
2150012161,MO0100200,2015067125,07,2015-04-15 13:33:00.0,,2015-04-15 00:00:00.0,2,,1,1,0,0,010,0610,NA,NA,1,3,L,CST,1,0.39,-92.3305,38.91036,,CST BUTTONWOOD DR,N,35,200,0.04,01,A,RT AC,E,40,1,5,2,1,2,60,Y,N,1,,,1,
2150012163,MO0100200,2015071731,07,2015-04-22 12:42:00.0,,2015-04-22 00:00:00.0,16,,0,0,0,0,010,0610,NA,NA,1,3,L,CST,1,0,-92.34494,38.90038,,CST SOUTHAMPTON DR,W,30,0,0,02,AT,CST BETHEL CHURCH RD,S,30,1,1,1,1,2,64,Y,N,1,,,1,
2150012270,MO0100200,2015050899,09,2015-03-20 23:11:00.0,,2015-03-20 00:00:00.0,6,,0,0,0,0,010,0610,NA,NA,2,3,L,CST,1,0.23112,-92.26633,38.97411,,CST WATERLOO DR,E,25,200,0.04,01,B,CST WINDMILL CT,E,25,1,1,2,2,3,60,Y,Y,1,,,1,