CrashId,AgencyOri,AgencyCaseNumber,CrashType,CrashDate,CrashDateUnk,InvestigationDate,ResponseMinuites,ResponseTimeUnk,NumberInjured,NumberMinorInjuries,NumberDisablingInjuries,NumberKilled,County,Municipality,BeatZone,TroopDistrict,OnOffRoadway,RoadMaintainedBy,HighwayClass,RouteDesignater,TrafficwayType,LogPoint,LandedLongitude,LandedLattitude,OnLocHighway,OnLocStreet,OnLocDirection,OnLocSpeedLimit,OnLocDistanceFromFeet,OnLocDistanceFromMiles,IntersectionType,IntersectionLocation,AtLocStreet,IntersectionDirection,AtLocationSpeedLimit,RoadAlignment,RoadProfile,RoadSurface,LightCondition,NumberVehicles,TwoVehicleAnalysis,InvestigatedAtScene,LeftTheScene,WeatherCondition1,WeatherCondition2,WeatherCondition3,RoadCondition1,RoadCondition2
2150020481,MO0100200,2015121022,07,2015-07-08 09:05:00.0,,2015-07-08 00:00:00.0,0,,2,2,0,0,010,0610,NA,NA,1,1,D,MO,5,3.459,-92.32642,38.97706,763,MO 763,N,45,0,0,02,AT,CST BIG BEAR BLVD,E,30,1,1,2,1,3,64,Y,N,3,,,2,
2150021217,MO0100200,2015137469,07,2015-08-01 19:20:00.0,,2015-08-01 00:00:00.0,0,,0,0,0,0,010,0610,NA,NA,1,3,L,CST,1,2.478,-92.35782,38.95257,,CST BROADWAY,E,35,0,0,03,AT,CST SPRING VALLEY RD,S,25,1,5,2,1,2,61,Y,N,2,,,2,
2150021621,MO0100200,2015136354,03,2015-07-31 01:30:00.0,,2015-07-31 00:00:00.0,8,,0,0,0,0,010,0610,NA,NA,2,3,L,CST,1,2.127,-92.35136,38.95932,,CST WORLEY ST,W,30,20,0,01,A,CST HARDIN ST,E,25,1,1,2,2,1,NA,Y,N,1,,,1,
2150022072,MO0100200,2015138009,07,2015-08-02 21:29:00.0,,2015-08-02 00:00:00.0,15,,0,0,0,0,010,0610,NA,NA,1,1,D,MO,1,0.335,-92.33382,38.96464,163,MO 163,S,35,0,0,01,NA,LP 70,W,35,1,1,2,2,2,63,Y,N,1,,,1,
2150022215,MO0100200,2015130473,07,2015-07-22 12:29:00.0,,2015-07-22 00:00:00.0,7,,0,0,0,0,010,0610,NA,NA,1,3,L,CST,1,2.14,-92.37348,38.96141,,CST WORLEY ST,W,30,0,0,02,AT,PVT COLUMBIA MALL,N,20,1,1,2,1,2,64,Y,N,1,,,1,
2150022217,MO0100200,2015134537,07,2015-07-28 14:41:00.0,,2015-07-28 00:00:00.0,10,,1,1,0,0,010,0610,NA,NA,1,3,L,CST,3,0.574,-92.37131,38.96116,,CST STADIUM BLVD,N,40,0,0,02,AT,CST WORLEY ST,E,30,1,1,2,1,2,64,Y,N,1,,,1,
2150022220,MO0100200,2015140636,07,2015-08-06 21:52:00.0,,2015-08-06 00:00:00.0,10,,2,2,0,0,010,0610,NA,NA,1,1,B,US,3,120.793,-92.29304,38.95322,63,US 63,S,65,2488,0.47,01,B,CST BROADWAY,E,45,1,1,2,3,3,61,Y,N,1,,,1,
2150023011,MO0100200,2015133166,07,2015-07-26 10:02:00.0,,2015-07-26 00:00:00.0,21,,0,0,0,0,010,0610,NA,NA,1,1,A,IS,3,119.209,-92.2568,38.96038,70,IS 70,W,70,1056,0.2,01,A,CRD ST CHARLES RD,S,45,1,5,2,1,2,63,Y,N,1,,,1,
2150023016,MO0100200,2015143799,07,2015-08-11 23:25:00.0,,2015-08-11 00:00:00.0,0,,3,3,0,0,010,0610,NA,NA,1,2,L,CST,3,2.596,-92.33488,38.91023,,CST NIFONG BLVD,W,35,0,0,02,AT,MO 163,N,55,1,1,2,2,2,64,Y,N,1,,,1,
2150023018,MO0100200,2015144290,07,2015-08-12 15:15:00.0,,2015-08-12 00:00:00.0,72,,1,1,0,0,010,0610,NA,NA,1,3,L,CST,1,3.823,-92.33298,38.95164,,CST BROADWAY,E,20,0,0,02,AT,CST FOURTH ST,E,20,1,4,2,1,3,61,Y,N,1,,,1,
2150023418,MO0100200,2015149386,07,2015-08-20 07:38:00.0,,2015-08-20 00:00:00.0,0,,1,1,0,0,010,0610,NA,NA,1,1,D,MO,1,0.033,-92.33368,38.96901,163,MO 163,N,35,0,0,02,AT,IS 70,W,60,1,1,1,1,2,64,Y,N,1,,,1,
2150023607,MO0100200,2015106163,03,2015-06-15 23:33:00.0,,2015-06-15 00:00:00.0,4,,1,1,0,0,010,0610,NA,NA,2,3,L,CST,1,0.208,-92.29709,38.97477,,CST NELWOOD DR,N,30,100,0.02,01,B,CST MULBERRY RD,E,30,1,1,2,3,1,NA,Y,Y,1,,,1,
2150023609,MO0100200,2015141421,03,2015-08-08 01:29:00.0,,2015-08-08 00:00:00.0,6,,0,0,0,0,010,0610,NA,NA,2,3,L,CST,3,0.948,-92.3186,38.91332,,CST GRINDSTONE PKWY,E,45,50,0.01,01,A,CST GRINDSTONE PLAZA DR,N,30,2,5,1,2,1,NA,Y,N,1,,,1,
2150023613,MO0100200,2015149794,10,2015-08-20 18:30:00.0,,2015-08-20 00:00:00.0,5,,2,2,0,0,010,0610,NA,NA,2,3,L,CST,1,1.436,-92.27404,38.98488,,CST MEXICO GRAVEL RD,E,40,2640,0.5,01,B,CST BALLENGER LN,N,40,2,1,2,1,1,NA,Y,N,1,,,1,
2150024259,MO0100200,2015120923,03,2015-07-08 02:30:00.0,,2015-07-08 00:00:00.0,4,,0,0,0,0,010,0610,NA,NA,2,1,A,IS,4,128.724,-92.29511,38.96199,70,IS 70,E,60,75,0.01,01,B,US 63C,N,40,2,5,2,2,1,NA,Y,N,3,,,2,
2150024265,MO0100200,2015155358,07,2015-08-28 18:03:00.0,,2015-08-28 00:00:00.0,10,,3,3,0,0,010,0610,NA,NA,1,1,A,IS,3,123.028,-92.32599,38.96878,70,IS 70,W,60,300,0.06,01,A,MO 763,S,35,1,1,2,1,2,61,Y,N,2,,,1,
2150024578,MO0100200,2015144330,07,2015-08-12 17:05:00.0,,2015-08-12 00:00:00.0,9,,0,0,0,0,010,0610,NA,NA,1,3,B,US,1,0.937,-92.29209,38.96112,63C,US 63C,S,40,0,0,02,AT,RP 7724,S,40,1,1,1,1,2,64,Y,N,1,,,1,
2150025051,MO0100200,2015157202,07,2015-08-31 18:16:00.0,,2015-08-31 00:00:00.0,7,,0,0,0,0,010,0610,NA,NA,1,3,L,CST,1,2.697,-92.36647,38.93158,,CST CHAPEL HILL RD,E,30,80,0.02,01,B,CST CHAPEL PLAZA CT,S,25,1,4,1,1,2,61,Y,N,1,,,1,
2150025240,MO0100200,2015158834,03,2015-09-03 02:32:00.0,,2015-09-03 00:00:00.0,0,,0,0,0,0,010,0610,NA,NA,2,3,L,CST,3,8.391,-92.29359,38.93226,,CST STADIUM BLVD,E,55,0,0,02,AT,RP 227873,N,55,1,1,1,2,1,NA,Y,N,1,,,1,
2150027060,MO0100200,2015170835,07,2015-09-21 13:32:00.0,,2015-09-21 00:00:00.0,19,,0,0,0,0,010,0610,NA,NA,1,3,L,CST,1,1.548,-92.3229,38.98268,,CST BLUE RIDGE RD,W,30,45,0.01,01,A,CST NORTHLAND DR,S,25,1,4,1,1,2,67,Y,N,1,,,1,
2150027416,MO0100200,2015152731,07,2015-08-25 10:42:00.0,,2015-08-25 00:00:00.0,15,,1,1,0,0,010,0610,NA,NA,1,3,L,CST,3,5.667,-92.29959,38.94685,,CST BROADWAY,E,40,0,0,02,AT,CST TRIMBLE RD,S,35,1,1,1,1,2,61,Y,N,1,,,1,
2150027609,MO0100200,2015167759,07,2015-09-16 18:05:00.0,,2015-09-16 00:00:00.0,12,,1,1,0,0,010,0610,NA,NA,1,3,D,MO,1,4.834,-92.32122,38.96004,763,MO 763,N,30,0,0,02,AT,CST WILKES BLVD,E,30,1,1,2,1,2,64,Y,N,1,,,1,
2150027613,MO0100200,2015171864,07,2015-09-23 07:40:00.0,,2015-09-23 00:00:00.0,3,,1,1,0,0,010,0610,NA,NA,1,3,L,CST,1,2.49311,-92.3446,38.95865,,CST WORLEY ST,E,30,10,0,01,B,CST BANKS AVE,N,25,1,5,2,1,2,61,Y,N,1,,,1,
2150027615,MO0100200,2015173953,03,2015-09-26 01:57:00.0,,2015-09-26 00:00:00.0,8,,0,0,0,0,010,0610,NA,NA,2,1,D,MO,3,0.821,-92.37136,38.95757,740,MO 740,W,40,0,0,01,NA,CST ASH ST,W,30,1,1,1,2,1,NA,Y,N,1,,,1,
2150028156,MO0100200,2015173036,07,2015-09-24 20:00:00.0,,2015-09-24 00:00:00.0,4,,0,0,0,0,010,0610,NA,NA,1,1,D,MO,1,3.95,-92.32469,38.98877,763,MO 763,N,45,0,0,02,AT,CST KENNESAW RIDGE RD,E,25,1,1,1,6,2,64,Y,N,1,,,1,
2150028158,MO0100200,2015175359,07,2015-09-28 16:55:00.0,,2015-09-28 00:00:00.0,6,,0,0,0,0,010,0610,NA,NA,1,3,L,CST,1,2.077,-92.36026,38.96736,,CST I - 70 DR,W,35,0,0,01,NA,CST HUNT AVE,S,25,1,1,2,1,2,61,Y,N,1,,,1,
2150028484,MO0100200,2015176564,07,2015-09-30 10:51:00.0,,2015-09-30 00:00:00.0,14,,0,0,0,0,010,0610,NA,NA,1,1,D,MO,1,1.887,-92.3334,38.9424,163,MO 163,N,35,0,0,01,AT,CST ROLLINS RD,E,25,1,1,2,1,2,61,Y,N,1,,,1,
2150029045,MO0100200,2015169159,07,2015-09-18 16:14:00.0,,2015-09-18 00:00:00.0,0,,0,0,0,0,010,0610,NA,NA,1,1,B,US,3,121.07506,-92.29348,38.94914,63,US 63,S,65,100,0.02,01,B,RP 7726,S,45,1,1,2,1,2,61,Y,N,3,,,2,
2150029047,MO0100200,2015181099,07,2015-10-07 07:37:00.0,,2015-10-07 00:00:00.0,14,,0,0,0,0,010,0610,NA,NA,1,1,D,MO,1,3.625,-92.32652,38.97465,763,MO 763,S,45,0,0,03,AT,CST ELLETA BLVD,E,30,1,1,2,1,2,61,Y,N,1,,,1,
2150029543,MO0100200,2015178168,03,2015-10-02 13:46:00.0,,2015-10-02 00:00:00.0,42,,6,6,0,0,010,0610,NA,NA,2,1,A,IS,3,128.75694,-92.29451,38.96189,70,IS 70,E,60,100,0.02,01,A,US 63,S,60,1,1,2,1,1,NA,Y,N,1,,,1,
2150029720,MO0100200,2015178318,07,2015-10-02 17:10:00.0,,2015-10-02 00:00:00.0,18,,0,0,0,0,010,0610,NA,NA,1,3,L,CST,2,0.096,-92.36028,38.93692,,CST FORUM BLVD,S,35,200,0.04,01,B,CST MILLS DR,W,30,2,5,1,1,2,60,Y,N,1,,,1,
2150030614,MO0100200,2015160056,07,2015-09-04 15:52:00.0,,2015-09-04 00:00:00.0,4,,0,0,0,0,010,0610,NA,NA,1,3,L,CST,1,1.739,-92.30248,38.97316,,CST VANDIVER DR,E,30,0,0,01,NA,RT B,S,40,1,1,1,1,2,63,Y,N,1,,,1,
2150031037,MO0100200,2015183872,07,2015-10-11 01:06:00.0,,2015-10-11 00:00:00.0,1,,3,2,1,0,010,0610,NA,NA,1,1,D,MO,1,5.675,-92.32193,38.94787,763,MO 763,N,35,0,0,03,AT,CST ANTHONY ST,E,25,1,1,1,2,2,64,Y,N,1,,,1,
2150031039,MO0100200,2015191119,07,2015-10-22 10:25:00.0,,2015-10-22 00:00:00.0,8,,0,0,0,0,010,0610,NA,NA,1,1,B,US,3,0.902,-92.29206,38.96164,63C,US 63C,N,45,20,0,01,B,IS 70,E,60,1,1,1,1,3,61,Y,N,1,,,1,
2150031041,MO0100200,2015191187,03,2015-10-22 11:34:00.0,,2015-10-22 00:00:00.0,11,,0,0,0,0,010,0610,NA,NA,1,3,L,CST,1,1.374,-92.36526,38.9606,,CST WORLEY ST,W,30,100,0.02,01,A,CST CLAUDELL LN,N,25,1,1,2,1,1,NA,Y,N,1,,,1,
2150031256,MO0100200,2015177966,07,2015-10-02 07:32:00.0,,2015-10-02 00:00:00.0,-1,U,1,1,0,0,010,0610,NA,NA,1,1,D,MO,1,6.108,-92.29834,38.93159,740,MO 740,E,55,0,0,02,AT,CST EAST POINTE DR,S,25,1,1,2,1,2,64,N,N,1,,,1,
2150031262,MO0100200,2015188576,07,2015-10-18 09:53:00.0,,2015-10-18 00:00:00.0,2,,0,0,0,0,010,0610,NA,NA,1,4,L,CST,1,1.79247,-92.35755,38.95989,,CST WORLEY ST,E,10,50,0.01,01,A,CST AUBURN LN,N,05,1,4,1,1,2,69,Y,N,1,,,1,
2150032133,MO0100200,2015194341,07,2015-10-27 09:54:00.0,,2015-10-27 00:00:00.0,8,,2,2,0,0,010,0610,NA,NA,1,3,L,CST,1,1.084,-92.31712,38.9212,,CST ROCK QUARRY RD,N,30,0,0,01,A,CST STAGS WAY,W,30,1,1,2,1,2,62,Y,N,3,,,2,
2150025421,MO0100200,2015146724,07,2015-08-16 00:39:00.0,,2015-08-16 00:00:00.0,10,,1,1,0,0,010,0610,NA,NA,1,3,L,CST,1,4.15906,-92.32676,38.9515,,CST BROADWAY,E,20,100,0.02,01,B,CST TENTH ST,N,20,1,1,1,2,2,69,Y,N,1,,,1,
2150025423,MO0100200,2015157283,11,2015-08-31 20:36:00.0,,2015-08-31 00:00:00.0,3,,1,1,0,0,010,0610,NA,NA,2,1,B,US,3,213.97,-92.29326,38.90996,63,US 63,N,65,1056,0.2,01,B,RT AC,E,50,2,1,2,3,1,NA,Y,N,1,,,1,
2150025745,MO0100200,2015159054,07,2015-09-03 11:40:00.0,,2015-09-03 00:00:00.0,4,,3,3,0,0,010,0610,NA,NA,1,3,L,CST,1,0.891,-92.29064,38.94856,,CST KEENE ST,N,45,100,0.02,01,B,CRD ST CHARLES RD,E,35,1,1,2,1,2,61,Y,N,1,,,1,
2150025747,MO0100200,2015164392,07,2015-09-11 08:53:00.0,,2015-09-11 00:00:00.0,17,,0,0,0,0,010,0610,NA,NA,1,1,D,MO,6,5.365,-92.31144,38.93203,740,MO 740,E,40,0,0,02,AT,CST OLD HWY 63,S,40,1,5,2,1,2,62,Y,N,1,,,1,
2150026412,MO0100200,2015159415,03,2015-09-03 19:35:00.0,,2015-09-03 00:00:00.0,6,,0,0,0,0,010,0610,NA,NA,2,3,L,CST,1,0.898,-92.32226,38.95247,,CST WALNUT ST,W,20,150,0.03,01,A,MO 763,S,35,1,1,2,2,1,NA,Y,N,1,,,1,
2150026765,MO0100200,2015161283,07,2015-09-06 09:05:00.0,,2015-09-06 00:00:00.0,24,,0,0,0,0,010,0610,NA,NA,1,1,I,RT,3,2.288,-92.29378,38.91287,AC,RT AC,W,50,0,0,01,NA,US 63,S,30,1,1,1,1,2,64,Y,N,1,,,1,
2150026888,MO0100200,2015146592,07,2015-08-15 20:09:00.0,,2015-08-15 00:00:00.0,8,,0,0,0,0,010,0610,NA,NA,1,3,L,CST,1,3.143,-92.33424,38.94816,,CST PROVIDENCE RD,S,35,0,0,03,AT,CST ELM ST,W,35,1,1,2,6,2,64,Y,N,1,,,1,
2150027414,MO0100200,2015135893,07,2015-07-30 12:43:00.0,,2015-07-30 00:00:00.0,37,,0,0,0,0,010,0610,NA,NA,1,3,L,CST,1,0.323,-92.35057,38.94805,,CST STEWART RD,W,25,0,0,02,AT,CST GREENWOOD AVE,S,25,1,1,1,1,2,64,Y,N,1,,,1,
2150027611,MO0100200,2015168914,07,2015-09-18 09:10:00.0,,2015-09-18 00:00:00.0,2,,0,0,0,0,010,0610,NA,NA,1,3,L,CST,1,0.45294,-92.32531,38.97096,,CST VANDIVER DR,E,35,100,0.02,01,A,MO 763,N,40,1,1,2,1,2,61,Y,N,2,,,1,
2150027616,MO0100200,2015174234,07,2015-09-26 16:19:00.0,,2015-09-26 00:00:00.0,2,,1,0,1,0,010,0610,NA,NA,1,1,B,US,3,121.87642,-92.29472,38.93757,63,US 63,S,65,700,0.13,01,B,RP 7727,S,65,1,1,2,1,2,63,Y,N,2,,,1,
2150028152,MO0100200,2015166960,07,2015-09-15 15:41:00.0,,2015-09-15 00:00:00.0,14,,0,0,0,0,010,0610,NA,NA,1,3,L,CST,1,0.90106,-92.29188,38.9131,,CST LEMONE INDUSTRIAL BLVD,S,35,100,0.02,01,B,RT AC,W,35,1,1,2,1,2,64,Y,N,1,,,1,
2150028154,MO0100200,2015171570,07,2015-09-22 17:20:00.0,,2015-09-22 00:00:00.0,-1,U,1,1,0,0,010,0610,NA,NA,1,1,D,MO,1,6.368,-92.29359,38.93226,740,MO 740,E,50,0,0,01,NA,RP 227883,E,65,1,1,1,1,2,61,N,N,1,,,1,
2150028482,MO0100200,2015169641,03,2015-09-19 09:35:00.0,,2015-09-19 00:00:00.0,0,,0,0,0,0,010,0610,NA,NA,2,3,D,MO,3,1.071,-92.37137,38.95394,740,MO 740,E,15,0,0,01,NA,CST BROADWAY,N,35,1,1,2,1,1,NA,Y,N,1,,,1,
2150028488,MO0100200,2015178104,07,2015-10-02 11:25:00.0,,2015-10-02 00:00:00.0,9,,1,1,0,0,010,0610,NA,NA,1,1,D,MO,1,1.11,-92.33409,38.95343,163,MO 163,N,35,100,0.02,01,B,CST ASH ST,E,20,1,1,2,1,2,61,Y,N,1,,,1,
2150028808,MO0100200,2015157049,07,2015-08-31 14:14:00.0,,2015-08-31 00:00:00.0,0,,1,1,0,0,010,0610,NA,NA,1,1,M,LP,2,0.49,-92.34375,38.96578,70,LP 70,W,35,0,0,03,AT,CST PARKADE BLVD,N,30,1,1,2,1,2,60,Y,N,1,,,1,
2150030468,MO0100200,2015179564,09,2015-10-04 16:18:00.0,,2015-10-04 00:00:00.0,7,,0,0,0,0,010,0610,NA,NA,2,3,L,CST,1,0.03788,-92.33104,38.95571,,CST LYON ST,E,25,200,0.04,01,A,CST FIFTH ST,N,25,1,1,2,1,2,62,Y,N,1,,,1,
2150030471,MO0100200,2015189943,07,2015-10-20 16:47:00.0,,2015-10-20 00:00:00.0,4,,1,1,0,0,010,0610,NA,NA,1,1,H,RT,1,12.772,-92.37063,38.97909,E,RT E,N,40,600,0.11,01,B,CST INDUSTRIAL DR,S,25,1,3,2,1,2,61,Y,N,1,,,1,
2150030616,MO0100200,2015173608,07,2015-09-25 16:23:00.0,,2015-09-25 00:00:00.0,22,,2,2,0,0,010,0610,NA,NA,1,1,L,CST,1,1.262,-92.36732,38.9608,,CST WORLEY ST,W,35,480,0.09,01,B,CST BERNADETTE DR,S,30,1,1,2,1,2,61,Y,N,1,,,1,
2150030618,MO0100200,2015182706,07,2015-10-09 13:54:00.0,,2015-10-09 00:00:00.0,8,,3,1,2,0,010,0610,NA,NA,1,1,D,MO,5,0.836,-92.33411,38.9574,163,MO 163,N,35,0,0,01,NA,CST ROGERS ST,E,30,1,4,1,1,2,60,Y,N,2,,,1,
2150032135,MO0100200,2015195726,07,2015-10-29 06:46:00.0,,2015-10-29 00:00:00.0,14,,0,0,0,0,010,0610,NA,NA,1,1,H,RT,1,10.861,-92.29653,38.97854,B,RT B,N,45,100,0.02,01,A,CST MEXICO GRAVEL RD,E,30,1,1,2,2,2,67,Y,N,1,,,1,
2150032301,MO0100200,2015188810,07,2015-10-18 21:11:00.0,,2015-10-18 00:00:00.0,11,,0,0,0,0,010,0610,NA,NA,1,1,I,RT,1,4.143,-92.26471,38.97326,PP,RT PP,S,45,0,0,02,AT,CST RICE RD,W,30,1,5,1,2,3,64,Y,N,1,,,1,
2150032446,MO0100200,2015152981,07,2015-08-25 17:08:00.0,,2015-08-25 00:00:00.0,5,,0,0,0,0,010,0610,NA,NA,1,1,B,US,1,0.905,-92.29206,38.96159,63C,US 63C,N,45,35,0.01,01,B,IS 70,E,60,1,1,1,1,3,61,Y,N,1,,,1,
2150032647,MO0100200,2015178322,07,2015-10-02 17:20:00.0,,2015-10-02 00:00:00.0,7,,0,0,0,0,010,0610,NA,NA,1,1,A,IS,3,126.55747,-92.33351,38.96901,70,IS 70,E,60,50,0.01,01,A,MO 163,N,45,1,1,1,1,3,61,Y,N,1,,,1,
2150032783,MO0100200,2015147584,09,2015-08-17 17:10:00.0,,2015-08-17 00:00:00.0,0,,0,0,0,0,010,0610,NA,NA,2,4,N,PP,6,0,0,0,,PP 9 EAST TEXAS AVE,NA,NA,15,0,01,NA,SOUTH OF TEXAS AVE,U,25,1,1,1,1,2,61,Y,N,1,,,1,
2150032785,MO0100200,2015169776,05,2015-09-19 15:26:00.0,,2015-09-19 00:00:00.0,-1,U,1,1,0,0,010,0610,NA,NA,1,3,L,CST,1,0.06453,-92.31493,38.99644,,CST TYPHOON CT,E,25,50,0.01,01,B,CST DERBY RIDGE DR,NA,30,U,1,2,1,1,NA,N,N,1,,,1,
2150033111,MO0100200,2015165951,03,2015-09-13 23:04:00.0,,2015-09-13 00:00:00.0,9,,0,0,0,0,010,0610,NA,NA,2,3,L,CST,1,0.019,-92.30394,38.91307,,CST BEARFIELD RD,S,35,100,0.02,01,A,CST GRINDSTONE PKWY,E,30,1,1,2,2,3,NA,Y,N,1,,,1,
2150033381,MO0100200,2015194488,07,2015-10-27 13:42:00.0,,2015-10-27 00:00:00.0,7,,0,0,0,0,010,0610,NA,NA,1,3,L,CST,1,1.81,-92.29378,38.91287,,CST GRINDSTONE PKWY,E,45,0,0,02,AT,US 63,S,65,1,1,2,1,3,60,Y,N,2,3,,2,
2150033506,MO0100200,2015187476,07,2015-10-16 11:35:00.0,,2015-10-16 00:00:00.0,82,,0,0,0,0,010,0610,NA,NA,1,1,D,MO,2,0.344,-92.33382,38.96451,163,MO 163,N,35,50,0.01,01,B,LP 70,E,35,1,1,1,1,2,61,Y,Y,1,,,1,
2150034000,MO0100200,2015198026,07,2015-11-01 19:15:00.0,,2015-11-01 00:00:00.0,-1,U,2,2,0,0,010,0610,NA,NA,1,1,A,IS,3,126.33782,-92.33756,38.96918,70,IS 70,E,60,300,0.06,01,A,BRIDGE L0846,E,60,1,1,2,6,2,61,N,N,1,,,1,
2150034694,MO0100200,2015199916,07,2015-11-04 19:31:00.0,,2015-11-04 00:00:00.0,81,,0,0,0,0,010,0610,NA,NA,1,1,B,US,1,124.86459,-92.28114,38.89824,63,US 63,S,65,150,0.03,01,B,CST DISCOVERY PKWY,E,35,1,1,2,3,2,61,Y,N,1,,,1,
2150035078,MO0100200,2015204357,07,2015-11-11 17:42:00.0,,2015-11-11 00:00:00.0,15,,1,1,0,0,010,0610,NA,NA,1,3,L,CST,3,1.021,-92.38471,38.95503,,CST BROADWAY,W,35,0,0,02,AT,CST PARK DE VILLE DR,E,35,1,1,2,2,2,60,Y,N,2,,,1,
2150035264,MO0100200,2015210958,07,2015-11-21 21:05:00.0,,2015-11-21 00:00:00.0,5,,0,0,0,0,010,0610,NA,NA,1,1,D,MO,2,0.033,-92.33368,38.96901,163,MO 163,N,35,0,0,02,AT,IS 70,E,60,1,3,1,2,2,64,Y,N,1,6,,1,
2150035422,MO0100200,2015208686,07,2015-11-18 16:12:00.0,,2015-11-18 00:00:00.0,0,,0,0,0,0,010,0610,NA,NA,1,3,L,CST,2,3.263,-92.34334,38.95129,,CST BROADWAY,W,40,100,0.02,01,B,CST ALDEAH AVE,N,35,1,1,2,1,2,61,Y,N,2,,,1,
2150035600,MO0100200,2015188991,07,2015-10-19 08:32:00.0,,2015-10-19 00:00:00.0,5,,0,0,0,0,010,0610,NA,NA,1,1,N,RP,4,0.2,-92.29209,38.96112,,RP 7724,E,35,0,0,01,NA,US 63C,S,35,2,1,1,1,2,66,Y,N,2,,,1,
2150035856,MO0100200,2015209444,07,2015-11-19 15:55:00.0,,2015-11-19 00:00:00.0,6,,1,1,0,0,010,0610,NA,NA,1,1,B,US,1,215.46959,-92.29476,38.93167,63,US 63,N,65,150,0.03,01,B,MO 740,E,40,1,1,2,1,2,61,Y,N,1,,,1,
2150036376,MO0100200,2015196203,07,2015-10-29 19:46:00.0,,2015-10-29 00:00:00.0,3,,1,1,0,0,010,0610,NA,NA,1,3,L,CST,1,10.533,-92.29182,38.98146,,CST PARIS RD,S,45,50,0.01,01,A,CST BROWN STATION RD,E,35,1,1,2,2,2,64,Y,N,1,,,1,
2150036378,MO0100200,2015207016,07,2015-11-16 06:06:00.0,,2015-11-16 00:00:00.0,16,,1,1,0,0,010,0610,NA,NA,1,1,D,MO,1,4.034,-92.33424,38.93782,740,MO 740,E,50,0,0,02,AT,MO 163,N,50,1,1,1,3,2,64,Y,N,3,,,2,
2150037291,MO0100200,2015195592,07,2015-10-28 23:45:00.0,,2015-10-28 00:00:00.0,7,,0,0,0,0,010,0610,NA,NA,1,3,L,CST,5,0.176,-92.31015,38.9613,,CST OLD HWY 63,S,40,0,0,07,AT,CST GORDON ST,E,30,1,1,2,2,2,64,Y,N,2,,,2,
2150030621,MO0100200,2015184869,07,2015-10-12 19:57:00.0,,2015-10-12 00:00:00.0,1,,0,0,0,0,010,0610,NA,NA,1,3,L,CST,1,0.127,-92.2932,38.95938,,CST CONLEY RD,E,35,0,0,02,AT,US 63C,S,45,1,1,1,2,2,60,Y,N,1,,,1,
2150031036,MO0100200,2015183710,07,2015-10-10 21:31:00.0,,2015-10-10 00:00:00.0,6,,0,0,0,0,010,0610,NA,NA,1,3,L,CST,1,0.345,-92.38881,38.97038,,CST I - 70 DR,W,35,0,0,03,AT,CST CYNTHIA DR,N,25,1,1,2,3,2,64,Y,N,1,,,1,
2150031258,MO0100200,2015179651,07,2015-10-04 20:37:00.0,,2015-10-04 00:00:00.0,5,,1,1,0,0,010,0610,NA,NA,1,3,M,LP,2,4.371,-92.32468,38.96403,70,LP 70,E,35,0,0,01,AT,MO 763,S,35,1,1,2,2,2,61,Y,N,1,,,1,
2150031501,MO0100200,2015174642,07,2015-09-27 10:58:00.0,,2015-09-27 00:00:00.0,16,,1,1,0,0,010,0610,NA,NA,1,1,A,IS,3,126.448,-92.33552,38.96909,70,IS 70,E,60,528,0.1,01,B,MO 163,S,35,1,1,2,1,2,60,Y,N,1,,,1,
2150032131,MO0100200,2015179817,10,2015-10-05 05:45:00.0,,2015-10-05 00:00:00.0,16,,0,0,0,0,010,0610,NA,NA,1,1,B,US,3,122.29688,-92.29504,38.93148,63,US 63,S,60,200,0.04,01,A,MO 740,W,40,1,5,2,3,1,NA,Y,N,1,,,1,