CrashId,AgencyOri,AgencyCaseNumber,CrashType,CrashDate,CrashDateUnk,InvestigationDate,ResponseMinuites,ResponseTimeUnk,NumberInjured,NumberMinorInjuries,NumberDisablingInjuries,NumberKilled,County,Municipality,BeatZone,TroopDistrict,OnOffRoadway,RoadMaintainedBy,HighwayClass,RouteDesignater,TrafficwayType,LogPoint,LandedLongitude,LandedLattitude,OnLocHighway,OnLocStreet,OnLocDirection,OnLocSpeedLimit,OnLocDistanceFromFeet,OnLocDistanceFromMiles,IntersectionType,IntersectionLocation,AtLocStreet,IntersectionDirection,AtLocationSpeedLimit,RoadAlignment,RoadProfile,RoadSurface,LightCondition,NumberVehicles,TwoVehicleAnalysis,InvestigatedAtScene,LeftTheScene,WeatherCondition1,WeatherCondition2,WeatherCondition3,RoadCondition1,RoadCondition2
2150032298,MO0100200,2015178940,07,2015-10-03 15:22:00.0,,2015-10-03 00:00:00.0,11,,0,0,0,0,010,0610,NA,NA,1,1,D,MO,3,11.434,-92.33849,38.92874,163,MO 163,N,55,500,0.09,01,B,PVT MICK DEAVER MEM DR,N,25,1,3,1,1,3,61,Y,N,1,,,1,
2150032305,MO0100200,2015193855,07,2015-10-26 14:49:00.0,,2015-10-26 00:00:00.0,-1,U,0,0,0,0,010,0610,NA,NA,1,1,D,MO,5,1.882,-92.33341,38.94247,163,MO 163,N,35,25,0,01,B,CST ROLLINS RD,E,30,1,5,1,1,4,61,N,Y,1,,,2,
2150032443,MO0100200,2015115442,07,2015-06-30 13:27:00.0,,2015-06-30 00:00:00.0,23,,0,0,0,0,010,0610,NA,NA,1,1,A,IS,3,119.73282,-92.26652,38.96078,70,IS 70,W,60,36,0.01,01,A,BRIDGE A4267,N,30,1,1,2,1,3,70,Y,N,2,,,1,
2150032445,MO0100200,2015139990,09,2015-08-05 23:42:00.0,,2015-08-05 00:00:00.0,6,,0,0,0,0,010,0610,NA,NA,2,3,L,CST,1,0.035,-92.35292,38.9006,,CST PEAR TREE CIR,W,25,190,0.04,01,B,CST SOUTHAMPTON DR WJ,E,35,1,1,2,3,2,61,Y,N,1,,,1,
2150032448,MO0100200,2015189156,07,2015-10-19 14:11:00.0,,2015-10-19 00:00:00.0,0,,0,0,0,0,010,0610,NA,NA,1,1,D,MO,5,0.836,-92.33411,38.9574,163,MO 163,S,35,0,0,02,AT,CST WORLEY ST,E,30,1,5,2,1,2,64,Y,N,1,,,1,
2150032649,MO0100200,2015198061,07,2015-11-01 21:10:00.0,,2015-11-01 00:00:00.0,2,,0,0,0,0,010,0610,NA,NA,1,1,B,US,3,121.20718,-92.29365,38.94723,63,US 63,S,65,300,0.06,01,B,CST BROADWAY,W,35,1,5,1,2,2,63,Y,N,1,,,1,
2150032650,MO0100200,2015199628,07,2015-11-04 12:11:00.0,,2015-11-04 00:00:00.0,7,,2,2,0,0,010,0610,NA,NA,1,1,L,CST,1,0.887,-92.35563,38.96452,,CST I - 70 DR,W,35,150,0.03,01,B,CST ASPEN DR,S,30,1,1,2,1,2,61,Y,N,2,,,1,
2150033113,MO0100200,2015188591,07,2015-10-18 11:27:00.0,,2015-10-18 00:00:00.0,14,,2,2,0,0,010,0610,NA,NA,1,1,L,CST,1,2.558,-92.33559,38.91023,,CST NIFONG BLVD,W,35,200,0.04,01,A,MO 163,S,35,1,1,2,1,3,64,Y,N,1,,,1,
2150033279,MO0100200,2015170522,03,2015-09-20 20:11:00.0,,2015-09-20 00:00:00.0,12,,0,0,0,0,010,0610,NA,NA,2,1,L,CST,3,4.502,-92.39954,38.93445,,CST SCOTT BLVD,N,45,0,0,02,AT,CST CHAPEL HILL RD,W,30,1,1,1,2,1,NA,Y,N,1,,,1,
2150033651,MO0100200,2015199491,07,2015-11-04 07:43:00.0,,2015-11-04 00:00:00.0,11,,0,0,0,0,010,0610,NA,NA,1,1,I,RT,1,2.288,-92.29378,38.91287,AC,RT AC,E,35,0,0,02,AT,US 63,N,65,1,1,2,1,2,64,Y,N,2,7,,1,
2150033996,MO0100200,2015192831,07,2015-10-24 19:26:00.0,,2015-10-24 00:00:00.0,11,,0,0,0,0,010,0610,NA,NA,1,3,L,CST,3,1.022,-92.38469,38.95503,,CST BROADWAY,W,45,10,0,01,B,CST PARK DE VILLE DR,N,45,1,1,2,2,2,61,Y,N,1,,,1,
2150033998,MO0100200,2015195463,07,2015-10-28 20:42:00.0,,2015-10-28 00:00:00.0,5,,0,0,0,0,010,0610,NA,NA,1,3,L,CST,1,0.295,-92.2938,38.95716,,CST CONLEY RD,S,35,300,0.06,01,A,US 63C,S,45,2,1,2,3,2,60,Y,N,1,,,1,
2150034688,MO0100200,2015182810,07,2015-10-09 16:36:00.0,,2015-10-09 00:00:00.0,0,,0,0,0,0,010,0610,NA,NA,1,3,L,CST,1,0,-92.29071,38.96674,,CST GOLDEN BEAR DR,E,25,0,0,02,AT,CST CREEKWOOD PKWY,N,25,1,1,1,1,2,64,Y,N,2,,,1,
2150034692,MO0100200,2015194601,07,2015-10-27 16:52:00.0,,2015-10-27 00:00:00.0,23,,0,0,0,0,010,0610,NA,NA,1,1,D,MO,1,4.834,-92.32122,38.96004,763,MO 763,S,35,0,0,02,AT,CST WILKES BLVD,E,25,1,1,2,1,2,64,Y,N,3,,,2,
2150037760,MO0100200,2015214749,03,2015-11-28 05:20:00.0,,2015-11-28 00:00:00.0,13,,0,0,0,0,010,0610,NA,NA,2,3,D,MO,1,6.331,-92.37107,38.96665,740,MO 740,W,40,0,0,04,AT,CST I - 70 DR,S,30,1,1,2,2,1,NA,Y,N,3,,,2,
2150037762,MO0100200,2015218667,07,2015-12-04 10:56:00.0,,2015-12-04 00:00:00.0,8,,0,0,0,0,010,0610,NA,NA,1,1,H,RT,1,7.736,-92.27358,39.01769,B,RT B,N,55,0,0,02,AT,CST BROWN STATION RD,W,40,1,1,1,1,2,64,Y,N,1,,,1,
2150037764,MO0100200,2015220046,07,2015-12-06 15:50:00.0,,2015-12-06 00:00:00.0,8,,0,0,0,0,010,0610,NA,NA,1,3,L,CST,1,2.474,-92.35787,38.95258,,CST BROADWAY,W,30,0,0,03,AT,CST SPRING VALLEY RD,S,25,1,1,2,1,4,61,Y,N,2,,,1,
2150038769,MO0100200,2015221851,07,2015-12-09 13:41:00.0,,2015-12-09 00:00:00.0,9,,0,0,0,0,010,0610,NA,NA,1,3,L,CST,1,2.61518,-92.31146,38.92866,,CST OLD HWY 63,S,40,300,0.06,01,B,CST STONEHILL,W,25,1,1,1,1,3,61,Y,N,1,,,1,
2150039103,MO0100200,2015205945,03,2015-11-13 23:04:00.0,,2015-11-13 00:00:00.0,8,,0,0,0,0,010,0610,NA,NA,2,3,L,CST,1,3.194,-92.30759,38.92106,,CST OLD HWY 63,S,35,2000,0.38,01,A,CST CHINABERRY DR,NA,30,2,5,2,2,1,NA,Y,N,1,,,1,
2150039284,MO0100200,2015215159,07,2015-11-29 01:05:00.0,,2015-11-29 00:00:00.0,0,,0,0,0,0,010,0610,NA,NA,1,3,L,CST,1,4.176,-92.32641,38.9515,,CST BROADWAY,E,20,0,0,02,AT,CST TENTH ST,N,20,1,1,2,2,2,61,Y,N,2,,,1,
2150039286,MO0100200,2015224890,03,2015-12-13 17:29:00.0,,2015-12-13 00:00:00.0,7,,0,0,0,0,010,0610,NA,NA,2,1,B,US,2,218.837,-92.28249,38.97661,63,US 63,N,65,0,0,01,NA,CST VANDIVER DR,E,40,1,1,2,3,1,NA,Y,N,3,,,2,
2150039526,MO0100200,2015209670,07,2015-11-15 22:02:00.0,,2015-11-15 00:00:00.0,13,,0,0,0,0,010,0610,NA,NA,1,1,L,CST,3,6.453,-92.3351,38.90248,,CST PROVIDENCE RD,S,40,1056,0.2,01,B,CST SOUTHAMPTON DR,E,40,1,1,2,3,2,60,Y,N,1,,,1,
2150039528,MO0100200,2015211666,03,2015-11-23 09:15:00.0,,2015-11-23 00:00:00.0,9,,0,0,0,0,010,0610,NA,NA,2,3,L,CST,1,0.276,-92.34174,38.98838,,CST BLUE RIDGE RD,W,30,50,0.01,01,B,CST SNOW LEOPARD DR,N,30,2,4,1,1,1,NA,Y,N,1,,,1,
2150039530,MO0100200,2015215550,03,2015-11-29 23:21:00.0,,2015-11-29 00:00:00.0,9,,0,0,0,0,010,0610,NA,NA,2,1,A,IS,3,126.387,-92.38576,38.96993,70,IS 70,W,60,2640,0.5,01,A,RP 7215,W,60,1,5,2,3,1,NA,Y,N,3,,,2,
2150039993,MO0100200,2015214850,07,2015-11-28 12:56:00.0,,2015-11-28 00:00:00.0,3,,1,1,0,0,010,0610,NA,NA,1,3,L,CST,3,5.665,-92.29959,38.94685,,CST BROADWAY,W,40,0,0,02,AT,CST TRIMBLE RD,S,30,1,1,2,1,2,64,Y,N,3,,,2,
2150040176,MO0100200,2015230624,07,2015-12-22 07:57:00.0,,2015-12-22 00:00:00.0,17,,1,1,0,0,010,0610,NA,NA,1,3,L,CST,1,2.38218,-92.35386,38.90946,,CST FORUM BLVD,S,30,300,0.06,01,B,CST NIFONG BLVD,W,40,1,1,1,1,2,64,Y,N,2,,,1,
2150040493,MO0100200,2015231226,07,2015-12-22 23:02:00.0,,2015-12-22 00:00:00.0,4,,0,0,0,0,010,0610,NA,NA,1,1,D,MO,2,3.904,-92.32555,38.97073,763,MO 763,N,45,100,0.02,01,B,CST VANDIVER DR,E,35,1,4,2,2,2,63,Y,N,1,,,1,
2150040901,MO0100200,2015230359,07,2015-12-21 19:09:00.0,,2015-12-21 00:00:00.0,13,,1,1,0,0,010,0610,NA,NA,1,3,L,CST,1,2.033,-92.29704,38.97305,,CST VANDIVER DR,E,35,0,0,02,AT,CST NELWOOD DR,N,25,1,1,2,3,5,64,Y,N,1,,,1,
2150041188,MO0100200,2015233420,03,2015-12-26 19:00:00.0,,2015-12-26 00:00:00.0,16,,0,0,0,0,010,0610,NA,NA,2,1,B,US,3,119.255,-92.28732,38.97316,63,US 63,S,65,0,0,04,AT,US 63C SJ,S,45,1,1,1,3,1,NA,Y,N,3,,,2,
2150041304,MO0100200,2015226488,09,2015-12-16 02:54:00.0,,2015-12-16 00:00:00.0,0,,0,0,0,0,010,0610,NA,NA,2,3,L,CST,1,0.161,-92.32337,38.96504,,CST FIR PL,N,25,100,0.02,01,B,CST LAKEVIEW AVE,E,25,1,5,2,2,2,63,Y,N,2,,,1,
3150004893,MOMHPFF00,150116453,07,2015-02-27 07:56:00.0,,2015-02-27 00:00:00.0,0,,0,0,0,0,010,0610,3,F,1,1,B,US,2,116.96702,-92.29947,38.99916,63,US 63,S,70,21,0,01,B,RP 277212,S,NA,1,4,1,1,2,63,Y,N,1,,,1,
3150005378,MOMHPFF00,150126892,03,2015-03-04 11:56:00.0,,2015-03-04 00:00:00.0,0,,0,0,0,0,010,0610,3,F,2,1,N,RP,2,0.031,-92.28175,38.97877,,RP 279340,W,65,163,0.03,01,A,US 63,S,NA,2,1,1,1,1,NA,Y,N,2,,,1,
3150017318,MOMHPFF00,150425238,03,2015-07-11 23:45:00.0,,2015-07-11 00:00:00.0,8,,0,0,0,0,010,0610,10,F,2,1,I,RT,1,2.379,-92.24805,38.9851,PP,RT PP,S,55,504,0.1,01,A,CRD LAKE OF THE WOODS ROAD,S,NA,1,5,2,3,1,NA,Y,Y,1,,,1,
3150024157,MOMHPFF00,150597271,01,2015-09-22 19:00:00.0,,2015-09-22 00:00:00.0,0,,0,0,0,0,010,0610,3,F,1,1,B,US,2,119.413,-92.28945,38.97158,63,US 63,S,65,2640,0.5,01,A,CST VANDIVER,E,NA,1,1,2,1,1,NA,Y,N,1,,,1,
2150008146,MO0100200,2015055781,09,2015-03-28 22:12:00.0,,2015-03-28 00:00:00.0,9,,1,0,1,0,010,0610,NA,NA,2,3,A,IS,3,125.546,-92.35146,38.96645,70,IS 70,E,65,0,0,01,NA,LP 70,E,40,2,1,2,2,2,61,Y,N,1,,,1,
2150008264,MO0100200,2015042204,07,2015-03-07 22:18:00.0,,2015-03-07 00:00:00.0,18,,0,0,0,0,010,0610,NA,NA,1,1,L,CST,1,2.596,-92.33488,38.91023,,CST NIFONG BLVD,W,35,0,0,01,NA,MO 163,N,35,2,1,1,2,2,61,Y,N,1,,,1,
2150008265,MO0100200,2015046589,07,2015-03-14 10:39:00.0,,2015-03-14 00:00:00.0,33,,0,0,0,0,010,0610,NA,NA,1,3,L,CST,1,0.926,-92.39717,38.93425,,CST CHAPEL HILL RD,W,35,50,0.01,01,B,CST CHERRY HILL DR,W,25,1,1,1,1,3,61,Y,N,1,,,1,
2150008516,MO0100200,2015047534,07,2015-03-15 22:25:00.0,,2015-03-15 00:00:00.0,8,,1,1,0,0,010,0610,NA,NA,1,1,L,CST,1,0.53,-92.33518,38.89958,,CST SOUTHAMPTON DR,E,25,0,0,02,AT,MO 163,S,45,1,1,2,2,2,60,Y,N,1,,,1,
2150008517,MO0100200,2015057920,07,2015-04-01 12:58:00.0,,2015-04-01 00:00:00.0,11,,0,0,0,0,010,0610,NA,NA,1,3,L,CST,1,0.597,-92.36292,38.93017,,CST FORUM BLVD,N,35,0,0,02,AT,CST CHAPEL HILL RD,E,25,1,1,2,1,2,64,Y,N,1,,,1,
2150008882,MO0100200,2015057402,07,2015-03-31 16:52:00.0,,2015-03-31 00:00:00.0,22,,0,0,0,0,010,0610,NA,NA,1,1,D,MO,1,6.11179,-92.29826,38.9316,740,MO 740,E,40,20,0,01,A,CST EAST POINTE DR,N,30,1,1,2,1,3,61,Y,N,1,,,1,
2150008885,MO0100200,2015058161,07,2015-04-01 18:28:00.0,,2015-04-01 00:00:00.0,25,,0,0,0,0,010,0610,NA,NA,1,3,L,CST,1,1.761,-92.3736,38.96914,,CST I - 70 DR,W,30,1056,0.2,01,B,CST GARDEN DR,N,25,2,1,2,1,2,64,Y,Y,3,,,2,
2150009867,MO0100200,2015061420,07,2015-04-07 07:36:00.0,,2015-04-07 00:00:00.0,8,,1,1,0,0,010,0610,NA,NA,1,3,B,US,4,121.764,-92.29454,38.93918,63,US 63,S,60,2640,0.5,01,A,CST BROADWAY,W,40,1,1,2,1,3,61,Y,N,3,,,2,
2150010203,MO0100200,2015066066,07,2015-04-14 07:18:00.0,,2015-04-14 00:00:00.0,8,,0,0,0,0,010,0610,NA,NA,1,1,A,IS,3,126.50823,-92.33441,38.96904,70,IS 70,E,60,210,0.04,01,B,MO 163,S,35,1,1,2,1,2,61,Y,N,2,,,1,
2150010204,MO0100200,2015066512,07,2015-04-14 17:27:00.0,,2015-04-14 00:00:00.0,11,,0,0,0,0,010,0610,NA,NA,1,1,L,CST,1,1.676,-92.32643,38.9768,,CST RANGELINE,N,45,100,0.02,01,B,CST BIG BEAR BLVD,E,30,1,1,2,1,2,61,Y,N,2,,,1,
2150010643,MO0100200,2015063559,03,2015-04-10 00:40:00.0,,2015-04-10 00:00:00.0,14,,1,1,0,0,010,0610,NA,NA,2,1,D,MO,3,2.26382,-92.33464,38.93708,163,MO 163,S,35,300,0.06,01,A,MO 740,E,35,1,5,1,2,1,NA,Y,N,1,,,1,
2150011113,MO0100200,2015073347,07,2015-04-24 14:36:00.0,,2015-04-24 00:00:00.0,0,,0,0,0,0,010,0610,NA,NA,1,3,L,CST,1,0,-92.29071,38.96674,,CST CREEKWOOD PKWY,E,30,0,0,01,NA,CST GOLDEN BEAR DR,E,30,1,1,1,1,2,64,Y,N,1,,,1,
2150012166,MO0100200,2015073905,07,2015-04-25 12:38:00.0,,2015-04-25 00:00:00.0,2,,0,0,0,0,010,0610,NA,NA,1,1,L,CST,1,5.265,-92.33509,38.89551,,CST PROVIDENCE RD,S,55,0,0,01,NA,CST CORPORATE LAKE DR,S,30,1,1,2,1,2,61,Y,N,U,,,2,
2150012167,MO0100200,2015074138,07,2015-04-25 20:15:00.0,,2015-04-25 00:00:00.0,10,,1,1,0,0,010,0610,NA,NA,1,1,H,RT,5,11.351,-92.30248,38.97316,B,RT B,N,35,0,0,02,AT,CST VANDIVER DR,E,35,1,1,1,2,2,64,Y,N,2,,,1,
2150012599,MO0100200,2015070901,03,2015-04-21 11:01:00.0,,2015-04-21 00:00:00.0,14,,0,0,0,0,010,0610,NA,NA,2,3,L,CST,5,0.2,-92.32628,38.90476,,CST STATE FARM PKWY,S,45,1056,0.2,01,A,CST NIFONG BLVD,E,45,2,5,1,1,1,NA,Y,N,2,,,1,
2150012780,MO0100200,2015048262,03,2015-03-17 01:50:00.0,,2015-03-17 00:00:00.0,3,,0,0,0,0,010,0610,NA,NA,2,1,D,MO,3,12.0353,-92.33515,38.93671,163,MO 163,N,55,500,0.09,01,B,MO 740,W,55,2,1,2,2,1,NA,Y,N,1,,,1,
2150012783,MO0100200,2015077079,03,2015-04-30 11:45:00.0,,2015-04-30 00:00:00.0,0,,0,0,0,0,010,0610,NA,NA,2,1,H,RT,1,12.14006,-92.31134,38.96407,B,RT B,S,40,100,0.02,01,B,LP 70,E,35,1,1,2,1,1,NA,Y,N,1,,,1,
2150013366,MO0100200,2015086792,09,2015-05-16 00:01:00.0,,2015-05-16 00:00:00.0,14,,0,0,0,0,010,0610,NA,NA,2,3,L,CST,1,0.74042,-92.32519,38.95252,,CST WALNUT ST,E,30,40,0.01,01,B,CST ORR ST,S,20,1,1,2,2,2,63,Y,Y,1,,,1,
2150013367,MO0100200,2015089287,09,2015-05-20 08:35:00.0,,2015-05-20 00:00:00.0,12,,1,1,0,0,010,0610,NA,NA,2,3,L,CST,1,1.9948,-92.34396,38.95463,,CST ASH ST,E,30,75,0.01,01,B,CST ALDEAH AVE,N,30,1,1,1,1,2,61,Y,N,3,2,,2,
2150013903,MO0100200,2015082736,07,2015-05-09 10:08:00.0,,2015-05-09 00:00:00.0,11,,0,0,0,0,010,0610,NA,NA,1,1,I,RT,1,2.287,-92.29378,38.91287,AC,RT AC,E,45,0,0,02,AT,US 63,S,65,1,1,1,1,2,64,Y,N,3,,,2,
2150013905,MO0100200,2015089451,07,2015-05-20 13:52:00.0,,2015-05-20 00:00:00.0,7,,0,0,0,0,010,0610,NA,NA,1,1,J,SOR,1,0.81,-92.27884,38.96074,,SOR 70,E,45,0,0,03,AT,CST GLENSTONE DR,E,30,1,3,2,1,2,64,Y,N,2,,,1,
2150014430,MO0100200,2015081999,07,2015-05-08 02:58:00.0,,2015-05-08 00:00:00.0,1,,2,1,1,0,010,0610,NA,NA,1,3,L,CST,1,0.795,-92.32172,38.95247,,CST COLLEGE AVE,N,35,0,0,02,AT,CST WALNUT ST,E,25,1,1,2,2,2,64,Y,N,1,,,1,
2150014872,MO0100200,2015086882,16,2015-05-16 11:26:00.0,,2015-05-16 00:00:00.0,10,,0,0,0,0,010,0610,NA,NA,2,1,A,IS,3,131.187,-92.24946,38.95998,70,IS 70,E,65,1056,0.2,01,A,CST LAKE OF THE WOODS RD,N,35,1,5,2,1,1,NA,Y,N,2,3,,2,
2150015511,MO0100200,2015086184,07,2015-05-15 11:12:00.0,,2015-05-15 00:00:00.0,23,,2,2,0,0,010,0610,NA,NA,1,3,L,CST,1,0.423,-92.40877,38.89383,,CST THORNBROOK PKWY,S,30,0,0,03,AT,CST GARDEN GROVE DR NJ,E,30,1,1,1,1,2,60,Y,N,1,,,1,
2150015518,MO0100200,2015090232,07,2015-05-21 16:58:00.0,,2015-05-21 00:00:00.0,3,,0,0,0,0,010,0610,NA,NA,1,1,L,CST,1,1.70006,-92.29582,38.91292,,CST GRINDSTONE PKWY,E,50,100,0.02,01,B,CST FALLING LEAF RD,E,25,1,1,1,1,3,61,Y,N,1,,,1,
2150015521,MO0100200,2015093167,07,2015-05-26 17:12:00.0,,2015-05-26 00:00:00.0,8,,0,0,0,0,010,0610,NA,NA,1,1,D,MO,1,0.033,-92.33368,38.96901,163,MO 163,S,35,0,0,02,AT,IS 70,W,60,1,1,2,1,2,64,Y,N,1,,,1,
2150015628,MO0100200,2015079335,07,2015-05-04 08:08:00.0,,2015-05-04 00:00:00.0,15,,0,0,0,0,010,0610,NA,NA,1,3,L,CST,1,3.808,-92.29098,38.98109,,CST BROWN STATION RD,E,35,250,0.05,01,B,RT B,N,40,1,1,1,1,2,61,Y,N,2,,,1,
2150015737,MO0100200,2015098058,07,2015-06-03 12:56:00.0,,2015-06-03 00:00:00.0,8,,1,1,0,0,010,0610,NA,NA,1,1,I,RT,1,2.287,-92.29378,38.91287,AC,RT AC,E,50,0,0,02,AT,US 63,S,65,1,1,1,1,2,60,Y,N,3,,,2,
2150015741,MO0100200,2015101801,07,2015-06-09 07:50:00.0,,2015-06-09 00:00:00.0,22,,0,0,0,0,010,0610,NA,NA,1,1,A,IS,4,128.89,-92.29206,38.96168,70,IS 70,E,60,0,0,01,NA,US 63C,S,65,1,1,2,1,2,61,Y,N,1,,,1,
2150015743,MO0100200,2015102491,07,2015-06-10 07:33:00.0,,2015-06-10 00:00:00.0,15,,1,1,0,0,010,0610,NA,NA,1,3,K,CRD,1,2.098,-92.3127,39.00144,,CRD BROWN SCHOOL RD,E,40,0,0,01,NA,CST DERBY RIDGE DR,N,25,1,1,1,1,2,61,Y,N,1,,,1,
2150016226,MO0100200,2015101985,07,2015-06-09 12:45:00.0,,2015-06-09 00:00:00.0,12,,0,0,0,0,010,0610,NA,NA,1,1,N,RP,4,0.226,-92.28793,38.96152,,RP 7721,E,60,0,0,07,AT,IS 70,E,60,1,5,2,1,4,61,Y,N,1,,,1,
2150016404,MO0100200,2015082291,07,2015-05-08 15:37:00.0,,2015-05-08 00:00:00.0,9,,0,0,0,0,010,0610,NA,NA,1,1,A,IS,3,128.77636,-92.29416,38.96186,70,IS 70,E,60,600,0.11,01,B,US 63C,S,55,1,1,2,1,3,61,Y,N,2,3,,2,
2150016545,MO0100200,2015087449,09,2015-05-17 08:35:00.0,,2015-05-17 00:00:00.0,8,,0,0,0,0,010,0610,NA,NA,2,3,L,CST,1,0.159,-92.32068,38.98361,,CST SHOEMAKER DR,N,25,60,0.01,01,A,CST BLUE RIDGE RD,W,30,2,4,1,1,2,61,Y,N,3,,,2,
2150017135,MO0100200,2015084836,11,2015-05-13 08:24:00.0,,2015-05-13 00:00:00.0,9,,0,0,0,0,010,0610,NA,NA,1,3,L,CST,1,0.103,-92.32256,38.98121,,CST NORTHLAND DR,W,35,5,0,01,A,CST HADEN DR,N,25,1,3,2,1,1,NA,Y,N,1,,,1,
2150017228,MO0100200,2015093755,07,2015-05-27 15:33:00.0,,2015-05-27 00:00:00.0,7,,2,2,0,0,010,0610,NA,NA,1,3,L,CST,1,2.806,-92.28428,38.97695,,CST VANDIVER DR,E,30,0,0,02,AT,CST BASS PRO DR,N,30,1,1,1,1,3,64,Y,N,1,,,1,
2150017404,MO0100200,2015104677,03,2015-06-13 08:05:00.0,,2015-06-13 00:00:00.0,7,,0,0,0,0,010,0610,NA,NA,2,3,L,CST,1,0.131,-92.33511,38.96603,,CST ILLINOIS AVE,N,20,200,0.04,01,B,CST NEBRASKA AVE,N,20,1,1,1,1,2,NA,Y,N,1,,,1,
2150017406,MO0100200,2015106254,07,2015-06-16 07:46:00.0,,2015-06-16 00:00:00.0,12,,0,0,0,0,010,0610,NA,NA,1,1,H,RT,1,11.838,-92.30789,38.96752,B,RT B,N,40,0,0,03,AT,CST CLARK LN,W,30,1,1,1,1,2,64,Y,N,3,,,2,
2150018130,MO0100200,2015105829,07,2015-06-15 12:58:00.0,,2015-06-15 00:00:00.0,0,,1,1,0,0,010,0610,NA,NA,1,1,D,MO,5,1.379,-92.33415,38.94954,163,MO 163,S,35,0,0,02,AT,CST LOCUST ST,E,20,1,1,2,1,2,60,Y,N,2,,,1,
2150014162,MO0100200,2015089849,07,2015-05-21 07:19:00.0,,2015-05-21 00:00:00.0,4,,0,0,0,0,010,0610,NA,NA,1,1,B,US,3,120.897,-92.2932,38.95172,63,US 63,S,65,2112,0.4,01,A,US 63C SJ,S,45,1,5,1,1,2,63,Y,N,1,,,1,
2150014869,MO0100200,2015078969,03,2015-05-03 09:40:00.0,,2015-05-03 00:00:00.0,9,,0,0,0,0,010,0610,NA,NA,2,1,A,IS,3,119.1037,-92.25485,38.9603,70,IS 70,W,60,500,0.09,01,A,CRD ST CHARLES RD,N,35,U,3,2,1,1,NA,Y,N,1,,,U,
2150014870,MO0100200,2015080209,02,2015-05-05 15:05:00.0,,2015-05-05 00:00:00.0,3,,1,1,0,0,010,0610,NA,NA,1,3,L,CST,1,0.616,-92.32749,38.95259,,CST WALNUT ST,E,20,0,0,02,AT,CST NINTH ST,W,20,1,1,1,1,2,NA,Y,N,1,,,1,
2150015034,MO0100200,2015078807,03,2015-05-03 00:28:00.0,,2015-05-03 00:00:00.0,21,,0,0,0,2,010,0610,NA,NA,2,2,K,CRD,1,3.57,-92.35106,38.98763,,CRD CREASY SPRINGS RD,N,30,0,0,03,AT,CRD PRAIRIEVIEW DR,E,25,2,5,1,2,1,NA,Y,N,2,,,1,
2150015513,MO0100200,2015088176,07,2015-05-18 15:16:00.0,,2015-05-18 00:00:00.0,6,,0,0,0,0,010,0610,NA,NA,1,3,L,CST,1,0.067,-92.32959,38.95362,,CST SEVENTH ST,S,20,0,0,01,AT,CST ASH ST,W,20,1,4,2,1,2,61,Y,N,1,,,1,
2150015515,MO0100200,2015088336,07,2015-05-18 18:45:00.0,,2015-05-18 00:00:00.0,3,,0,0,0,0,010,0610,NA,NA,1,1,A,IS,3,129.987,-92.27172,38.96081,70,IS 70,E,60,5280,1,01,B,CST LAKE OF THE WOODS RD,S,35,1,1,2,1,2,61,Y,N,1,,,1,
2150015527,MO0100200,2015098745,07,2015-06-04 10:57:00.0,,2015-06-04 00:00:00.0,15,,0,0,0,0,010,0610,NA,NA,1,1,D,MO,3,3.886,-92.32566,38.97098,763,MO 763,S,35,0,0,01,AT,CST VANDIVER DR,W,35,1,4,2,1,2,61,Y,N,3,,,2,
2150015739,MO0100200,2015098761,07,2015-06-04 11:38:00.0,,2015-06-04 00:00:00.0,0,,0,0,0,0,010,0610,NA,NA,1,1,I,RT,3,2.26806,-92.29414,38.91288,AC,RT AC,E,50,100,0.02,01,B,US 63,S,65,1,1,1,1,2,61,Y,N,2,,,2,
2150016222,MO0100200,2015083236,07,2015-05-10 11:29:00.0,,2015-05-10 00:00:00.0,26,,1,1,0,0,010,0610,NA,NA,1,3,I,RT,2,1.726,-92.39977,38.93146,TT,RT TT,W,45,0,0,02,AT,CST GILLESPIE BRIDGE RD,W,35,1,5,1,1,2,64,Y,N,2,,,1,