CrashId,AgencyOri,AgencyCaseNumber,CrashType,CrashDate,CrashDateUnk,InvestigationDate,ResponseMinuites,ResponseTimeUnk,NumberInjured,NumberMinorInjuries,NumberDisablingInjuries,NumberKilled,County,Municipality,BeatZone,TroopDistrict,OnOffRoadway,RoadMaintainedBy,HighwayClass,RouteDesignater,TrafficwayType,LogPoint,LandedLongitude,LandedLattitude,OnLocHighway,OnLocStreet,OnLocDirection,OnLocSpeedLimit,OnLocDistanceFromFeet,OnLocDistanceFromMiles,IntersectionType,IntersectionLocation,AtLocStreet,IntersectionDirection,AtLocationSpeedLimit,RoadAlignment,RoadProfile,RoadSurface,LightCondition,NumberVehicles,TwoVehicleAnalysis,InvestigatedAtScene,LeftTheScene,WeatherCondition1,WeatherCondition2,WeatherCondition3,RoadCondition1,RoadCondition2
2150027417,MO0100200,2015155887,07,2015-08-29 15:26:00.0,,2015-08-29 00:00:00.0,0,,0,0,0,0,010,0610,NA,NA,1,1,I,RT,1,0.187,-92.29118,38.94626,WW,RT WW,E,45,0,0,03,AT,CST KEENE ST,S,30,1,1,1,1,2,64,Y,N,2,,,1,
2150027419,MO0100200,2015164264,03,2015-09-11 21:27:00.0,,2015-09-11 00:00:00.0,25,,2,2,0,0,010,0610,NA,NA,2,1,D,MO,2,0.574,-92.37131,38.96116,740,MO 740,E,40,0,0,02,AT,CST WORLEY,E,25,1,1,2,2,1,NA,Y,N,3,2,,2,
2150027606,MO0100200,2015148330,05,2015-08-18 17:10:00.0,,2015-08-18 00:00:00.0,11,,1,1,0,0,010,0610,NA,NA,1,3,L,CST,1,0,-92.33415,38.94954,,CST LOCUST,W,30,0,0,01,NA,CST PROVIDENCE RD,N,35,1,1,1,1,1,NA,Y,N,2,,,1,
2150027608,MO0100200,2015165762,07,2015-09-13 14:20:00.0,,2015-09-13 00:00:00.0,33,,0,0,0,0,010,0610,NA,NA,1,3,L,CST,1,1.501,-92.28127,38.96394,,CST CLARK LN,E,45,0,0,03,AT,CST HANOVER BLVD,N,30,1,4,2,1,2,61,Y,N,1,,,1,
2150028159,MO0100200,2015176421,07,2015-09-30 07:28:00.0,,2015-09-30 00:00:00.0,11,,0,0,0,0,010,0610,NA,NA,1,3,L,CST,1,5.855,-92.29611,38.94657,,CST BROADWAY,W,40,0,0,03,AT,CST BRICKTON RD,N,30,1,1,2,1,2,64,Y,N,1,,,1,
2150029717,MO0100200,2015167740,07,2015-09-16 17:30:00.0,,2015-09-16 00:00:00.0,0,,0,0,0,0,010,0610,NA,NA,1,1,L,CST,1,1.866,-92.33376,38.96664,,CST PROVIDENCE RD,N,40,75,0.01,01,A,CST NEBRASKA AVE,E,30,1,1,1,1,3,61,Y,N,1,,,1,
2150029719,MO0100200,2015175416,07,2015-09-28 17:48:00.0,,2015-09-28 00:00:00.0,8,,0,0,0,0,010,0610,NA,NA,1,3,L,CST,1,1.501,-92.28127,38.96394,,CST CLARK LN,E,45,0,0,01,NA,CST HANOVER BLVD,N,30,1,4,2,1,3,61,Y,N,1,,,1,
2150029978,MO0100200,2015173652,07,2015-09-25 17:23:00.0,,2015-09-25 00:00:00.0,11,,2,2,0,0,010,0610,NA,NA,1,3,M,LP,1,1.872,-92.31825,38.96398,70,LP 70,E,35,0,0,01,NA,CST EDISON ST,N,30,1,1,1,1,2,61,Y,N,1,,,1,
2150031042,MO0100200,2015191235,07,2015-10-22 12:53:00.0,,2015-10-22 00:00:00.0,4,,0,0,0,0,010,0610,NA,NA,1,3,L,CST,1,1.727,-92.35802,38.91749,,CST FORUM BLVD,S,40,0,0,01,B,CST CRESTWOOD LN,N,25,1,1,2,1,2,61,Y,N,1,,,1,
2150031044,MO0100200,2015191948,03,2015-10-23 11:29:00.0,,2015-10-23 00:00:00.0,7,,0,0,0,0,010,0610,NA,NA,2,1,L,CST,1,1.016,-92.35341,38.96521,,CST I - 70 DR,W,35,250,0.05,01,A,CST WEST BLVD,N,30,1,1,2,1,1,NA,Y,N,3,,,2,
2150031255,MO0100200,2015169793,07,2015-09-19 15:57:00.0,,2015-09-19 00:00:00.0,14,,6,5,1,2,010,0610,NA,NA,1,1,I,RT,1,0.855,-92.39925,38.94941,TT,RT TT,S,45,0,0,02,AT,CST SMITH DR,W,30,1,5,1,1,2,64,Y,N,1,,,1,
2150031261,MO0100200,2015187535,07,2015-10-16 14:01:00.0,,2015-10-16 00:00:00.0,13,,1,1,0,0,010,0610,NA,NA,1,1,D,MO,2,10.497,-92.3346,38.91631,163,MO 163,N,55,0,0,02,AT,CST GREEN MEADOWS RD,E,35,1,1,2,1,2,64,Y,N,1,,,1,
2150034205,MO0100200,2015206331,07,2015-11-14 18:49:00.0,,2015-11-14 00:00:00.0,16,,0,0,0,0,010,0610,NA,NA,1,3,D,MO,3,5.365,-92.31144,38.93203,740,MO 740,E,40,0,0,02,AT,CST OLD HWY 63,N,30,1,5,2,2,2,64,Y,N,1,,,1,
2150034554,MO0100200,2015204125,11,2015-11-11 11:45:00.0,,2015-11-11 00:00:00.0,5,,0,0,0,0,010,0610,NA,NA,1,3,L,CST,1,12.573,-92.31664,38.95956,,CST PARIS RD,N,30,0,0,01,NA,CST WILLIAM ST,S,30,1,1,2,1,1,NA,Y,N,1,,,1,
2150034691,MO0100200,2015192757,07,2015-10-24 16:40:00.0,,2015-10-24 00:00:00.0,3,,0,0,0,0,010,0610,NA,NA,1,3,L,CST,1,0.048,-92.27398,38.97232,,CST RINEY LN,N,25,0,0,03,AT,CST HANOVER BLVD,W,35,1,1,2,1,2,61,Y,N,2,,,1,
2150035075,MO0100200,2015200482,03,2015-11-05 16:25:00.0,,2015-11-05 00:00:00.0,0,,0,0,0,0,010,0610,NA,NA,2,3,L,CST,6,1.043,-92.31049,38.94945,,CST OLD HWY 63,N,30,0,0,01,AT,CST BROADWAY,E,30,2,1,2,1,1,NA,Y,N,2,3,,2,
2150035079,MO0100200,2015206095,07,2015-11-14 08:40:00.0,,2015-11-14 00:00:00.0,10,,0,0,0,0,010,0610,NA,NA,1,3,L,CST,1,4.54005,-92.31969,38.95131,,CST BROADWAY,E,30,5,0,01,B,CST DORSEY ST,S,30,1,1,2,1,2,64,Y,N,1,,,1,
2150035259,MO0100200,2015200533,07,2015-11-05 17:37:00.0,,2015-11-05 00:00:00.0,29,,2,2,0,0,010,0610,NA,NA,1,1,D,MO,3,3.56094,-92.33549,38.92017,163,MO 163,S,55,100,0.02,01,A,CST OLD RT K RD,W,30,1,4,2,2,3,61,Y,N,3,,,2,
2150015039,MO0100200,2015093683,07,2015-05-27 13:37:00.0,,2015-05-27 00:00:00.0,5,,0,0,0,0,010,0610,NA,NA,1,3,L,CST,5,0.451,-92.38072,38.9544,,CST FAIRVIEW RD,N,30,110,0.02,01,B,RT TT,E,35,1,1,2,1,2,64,Y,N,1,,,1,
2150015509,MO0100200,2015075547,07,2015-04-28 07:25:00.0,,2015-04-28 00:00:00.0,7,,1,1,0,0,010,0610,NA,NA,1,1,B,US,3,122.23059,-92.2951,38.93243,63,US 63,S,65,150,0.03,01,B,MO 740,W,45,1,1,1,1,2,63,Y,N,1,,,1,
2150015517,MO0100200,2015089560,03,2015-05-20 17:13:00.0,,2015-05-20 00:00:00.0,5,,0,0,0,0,010,0610,NA,NA,2,1,A,IS,3,120.009,-92.27164,38.96099,70,IS 70,W,60,5280,1,01,A,CST LAKE OF THE WOODS RD,S,35,1,4,2,1,1,NA,Y,N,3,2,,2,
2150015522,MO0100200,2015095232,07,2015-05-29 15:26:00.0,,2015-05-29 00:00:00.0,-1,U,0,0,0,0,010,0610,NA,NA,1,1,A,IS,3,118.109,-92.23637,38.96019,70,IS 70,W,60,4752,0.9,01,B,CRD ST CHARLES RD,N,35,1,1,2,1,2,63,N,N,2,,,2,
2150015523,MO0100200,2015096873,07,2015-06-01 16:18:00.0,,2015-06-01 00:00:00.0,4,,0,0,0,0,010,0610,NA,NA,1,1,L,CST,1,1.474,-92.30002,38.91305,,CST GRINDSTONE PKWY,W,50,30,0.01,01,A,CST PONDEROSA ST,S,30,1,1,1,1,3,61,Y,N,1,,,1,
2150015627,MO0100200,2015073739,03,2015-04-25 01:53:00.0,,2015-04-25 00:00:00.0,13,,0,0,0,0,010,0610,NA,NA,2,1,D,MO,3,3.84994,-92.33474,38.91603,163,MO 163,S,55,100,0.02,01,A,CST GREEN MEADOWS RD,E,30,2,5,1,2,1,NA,Y,N,1,,,1,
2150015742,MO0100200,2015102048,07,2015-06-09 14:18:00.0,,2015-06-09 00:00:00.0,5,,1,1,0,0,010,0610,NA,NA,1,1,D,MO,1,0.387,-92.33384,38.96389,163,MO 163,N,35,0,0,03,AT,CST AUSTIN AVE,E,25,1,1,1,1,2,64,Y,N,1,,,1,
2150016063,MO0100200,2015088837,07,2015-05-19 14:09:00.0,,2015-05-19 00:00:00.0,48,,1,1,0,0,010,0610,NA,NA,1,3,L,CST,1,3.45165,-92.33986,38.95153,,CST BROADWAY,E,20,250,0.05,01,B,CST GARTH AVE,S,30,1,4,2,1,2,61,Y,N,1,,,1,
2150016227,MO0100200,2015103134,07,2015-06-11 07:53:00.0,,2015-06-11 00:00:00.0,11,,0,0,0,0,010,0610,NA,NA,1,1,B,US,3,123.083,-92.29426,38.9201,63,US 63,S,65,2640,0.5,01,B,RT AC,E,50,1,1,2,1,3,61,Y,N,1,,,1,
2150016228,MO0100200,2015103152,07,2015-06-11 08:26:00.0,,2015-06-11 00:00:00.0,9,,0,0,0,0,010,0610,NA,NA,1,1,I,RT,5,2.192,-92.29556,38.91291,AC,RT AC,W,50,25,0,01,A,CST FALLING LEAF RD,N,25,1,1,1,1,4,61,Y,N,1,,,1,
2150016231,MO0100200,2015104123,07,2015-06-12 12:57:00.0,,2015-06-12 00:00:00.0,15,,0,0,0,0,010,0610,NA,NA,1,3,M,LP,1,1.967,-92.36228,38.96758,70,LP 70,W,35,300,0.06,01,B,CST COSMOS PL,S,30,1,1,2,1,2,61,Y,N,1,,,1,
2150018131,MO0100200,2015105831,07,2015-06-15 13:03:00.0,,2015-06-15 00:00:00.0,0,,0,0,0,0,010,0610,NA,NA,1,3,L,CST,1,1.181,-92.36882,38.96092,,CST WORLEY ST,W,35,50,0.01,01,B,CST BERNADETTE DR,N,25,1,1,2,1,2,61,Y,N,2,,,1,
2150018304,MO0100200,2015102188,07,2015-06-09 17:51:00.0,,2015-06-09 00:00:00.0,14,,0,0,0,0,010,0610,NA,NA,1,3,I,RT,1,3.079,-92.26104,38.98545,PP,RT PP,E,50,0,0,03,AT,CST TANZANITE DR,N,25,1,5,2,1,3,61,Y,N,1,,,1,
2150018307,MO0100200,2015104868,03,2015-06-13 16:00:00.0,,2015-06-13 00:00:00.0,21,,0,0,0,0,010,0610,NA,NA,2,1,B,US,3,218.189,-92.29114,38.97004,63,US 63,N,60,0,0,01,AT,US 63C NJ,N,35,1,1,1,1,1,NA,Y,N,3,,,2,
2150018312,MO0100200,2015106646,07,2015-06-16 18:00:00.0,,2015-06-16 00:00:00.0,4,,0,0,0,0,010,0610,NA,NA,1,1,A,IS,1,123.41359,-92.33315,38.96912,70,IS 70,W,60,150,0.03,01,B,MO 163,N,35,1,1,2,1,2,61,Y,N,3,,,2,
2150018441,MO0100200,2015117049,07,2015-07-02 15:02:00.0,,2015-07-02 00:00:00.0,11,,1,1,0,0,010,0610,NA,NA,1,3,A,IS,5,0.29,-92.34743,38.96608,70,IS 70,W,35,1056,0.2,01,A,CST PARKADE BLVD,N,30,1,1,2,1,2,64,Y,N,2,,,1,
2150018583,MO0100200,2015103563,07,2015-06-11 17:53:00.0,,2015-06-11 00:00:00.0,34,,0,0,0,0,010,0610,NA,NA,1,U,L,CST,3,1.021,-92.38471,38.95503,,CST BROADWAY,E,45,0,0,02,AT,CST BROADFIELD DR,S,30,1,1,2,1,2,64,Y,N,1,,,1,
2150018730,MO0100200,2015117938,07,2015-07-03 18:33:00.0,,2015-07-03 00:00:00.0,4,,1,1,0,0,010,0610,NA,NA,1,3,L,CST,1,0.795,-92.32172,38.95247,,CST COLLEGE AVE,S,35,0,0,02,AT,CST WALNUT ST,N,25,1,1,1,1,2,64,Y,N,1,,,1,
2150018861,MO0100200,2015104295,07,2015-06-12 15:20:00.0,,2015-06-12 00:00:00.0,70,,0,0,0,0,010,0610,NA,NA,1,3,M,LP,1,0.53147,-92.343,38.96568,70,LP 70,E,35,50,0.01,01,A,CST JEFFERSON ST,N,30,1,1,2,1,2,64,Y,N,1,,,1,
2150035599,MO0100200,2015188204,09,2015-10-17 17:00:00.0,,2015-10-17 00:00:00.0,74,,0,0,0,0,010,0610,NA,NA,2,3,L,CST,1,0.499,-92.32823,38.9568,,CST EIGHTH ST,N,25,20,0,01,A,CST ROGERS ST,E,25,1,U,1,1,2,68,Y,Y,1,,,1,
2150035857,MO0100200,2015210211,07,2015-11-20 16:15:00.0,,2015-11-20 00:00:00.0,0,,0,0,0,0,010,0610,NA,NA,1,1,B,US,1,217.2638,-92.29311,38.95754,63,US 63,N,65,75,0.01,01,B,US 63C SJ,S,35,1,1,2,1,4,61,Y,N,3,,,2,
2150035859,MO0100200,2015213108,07,2015-11-25 12:06:00.0,,2015-11-25 00:00:00.0,12,,1,1,0,0,010,0610,NA,NA,1,1,D,MO,3,0.231,-92.37118,38.96614,740,MO 740,W,40,300,0.06,01,A,CST BERNADETTE DR,W,30,1,1,1,1,3,61,Y,N,1,,,1,
2150036089,MO0100200,2015206919,01,2015-11-15 20:58:00.0,,2015-11-15 00:00:00.0,20,,0,0,0,0,010,0610,NA,NA,1,1,A,IS,3,119.21282,-92.25688,38.96038,70,IS 70,W,60,36,0.01,01,A,RP 227822,W,60,1,5,1,6,1,NA,Y,N,1,,,1,
2150037296,MO0100200,2015218994,07,2015-12-04 18:45:00.0,,2015-12-04 00:00:00.0,14,,1,1,0,0,010,0610,NA,NA,1,1,D,MO,2,1.099,-92.37138,38.95353,740,MO 740,W,40,150,0.03,01,B,CST BROADWAY,W,35,1,4,2,2,2,61,Y,N,2,,,1,
2150037763,MO0100200,2015219425,07,2015-12-05 13:04:00.0,,2015-12-05 00:00:00.0,8,,0,0,0,0,010,0610,NA,NA,1,1,D,MO,5,0.836,-92.33411,38.9574,163,MO 163,S,35,0,0,02,AT,CST WORLEY ST,E,30,1,1,6,1,2,64,Y,N,1,,,1,
2150037765,MO0100200,2015221141,07,2015-12-08 13:04:00.0,,2015-12-08 00:00:00.0,8,,0,0,0,0,010,0610,NA,NA,1,3,L,CST,1,2.806,-92.28428,38.97695,,CST VANDIVER DR,E,45,0,0,02,AT,CST BASS PRO DR,S,25,1,1,1,1,2,63,Y,N,1,,,1,
2150038469,MO0100200,2015214993,07,2015-11-28 18:57:00.0,,2015-11-28 00:00:00.0,12,,0,0,0,0,010,0610,NA,NA,1,1,D,MO,1,6.368,-92.29359,38.93226,740,MO 740,E,35,0,0,02,AT,RP 227873,N,65,1,1,2,2,2,64,Y,N,2,,,1,
2150039108,MO0100200,2015218202,07,2015-12-03 18:22:00.0,,2015-12-03 00:00:00.0,5,,0,0,0,0,010,0610,NA,NA,1,1,L,CST,1,1.742,-92.37137,38.95394,,CST BROADWAY,W,35,0,0,02,AT,CST STADIUM BLVD,N,40,1,1,2,2,2,61,Y,N,1,,,1,
2150039283,MO0100200,2015208204,07,2015-11-17 23:48:00.0,,2015-11-17 00:00:00.0,10,,1,0,1,0,010,0610,NA,NA,1,2,A,IS,3,125.48918,-92.35235,38.966,70,IS 70,E,65,300,0.06,01,B,LP 70,N,25,1,1,2,2,3,60,Y,N,1,,,2,
2150039510,MO0100200,2015189389,07,2015-10-19 19:58:00.0,,2015-10-19 00:00:00.0,7,,0,0,0,0,010,0610,NA,NA,1,1,D,MO,1,1.474,-92.33424,38.94816,163,MO 163,N,35,0,0,03,AT,CST ELM ST,W,20,1,1,2,2,2,60,Y,N,2,,,1,
2150039514,MO0100200,2015199680,07,2015-11-04 13:12:00.0,,2015-11-04 00:00:00.0,14,,0,0,0,0,010,0610,NA,NA,1,1,B,US,3,121.283,-92.29375,38.94613,63,US 63,S,65,100,0.02,01,A,CST BROADWAY,E,45,1,4,1,1,2,61,Y,N,2,3,,2,
2150039515,MO0100200,2015200210,07,2015-11-05 08:28:00.0,,2015-11-05 00:00:00.0,13,,0,0,0,0,010,0610,NA,NA,1,3,L,CST,1,3.3,-92.34262,38.95136,,CST BROADWAY,W,30,100,0.02,01,A,CST MC BAINE AVE,N,30,1,1,2,1,2,61,Y,N,3,,,2,
2150039531,MO0100200,2015215648,07,2015-11-30 07:07:00.0,,2015-11-30 00:00:00.0,13,,1,1,0,0,010,0610,NA,NA,1,3,I,RT,1,0.187,-92.29118,38.94626,WW,RT WW,W,40,0,0,03,AT,CST KEENE ST,N,30,1,1,2,1,2,64,Y,N,3,,,2,
2150039532,MO0100200,2015215873,07,2015-11-30 13:31:00.0,,2015-11-30 00:00:00.0,1,,2,2,0,0,010,0610,NA,NA,1,3,L,CST,5,4.176,-92.32641,38.9515,,CST BROADWAY,W,20,0,0,01,NA,CST TENTH ST,W,20,1,1,1,1,2,61,Y,N,2,3,,2,
2150039534,MO0100200,2015224954,07,2015-12-13 19:49:00.0,,2015-12-13 00:00:00.0,4,,1,1,0,0,010,0610,NA,NA,1,3,D,MO,2,0.06,-92.33368,38.96863,163,MO 163,N,35,0,0,02,AT,RP 7213,E,30,1,3,2,2,2,61,Y,N,3,,,2,
2150040173,MO0100200,2015218520,07,2015-12-04 07:43:00.0,,2015-12-04 00:00:00.0,24,,0,0,0,0,010,0610,NA,NA,1,3,L,CST,1,0.576,-92.29166,38.9178,,CST LEMONE INDUSTRIAL BLVD,N,30,300,0.06,01,B,CST MAGUIRE BLVD NJ,N,30,1,1,1,1,2,61,Y,N,1,,,1,
2150040175,MO0100200,2015230611,07,2015-12-22 07:00:00.0,,2015-12-22 00:00:00.0,13,,1,1,0,0,010,0610,NA,NA,1,1,H,RT,1,7.76441,-92.27343,39.0173,B,RT B,S,45,150,0.03,01,A,CST BROWN STATION RD,E,35,1,1,1,2,2,64,Y,N,2,7,,1,
2150040898,MO0100200,2015198729,07,2015-11-03 00:17:00.0,,2015-11-03 00:00:00.0,3,,0,0,0,0,010,0610,NA,NA,1,1,A,IS,3,128.022,-92.30661,38.96664,70,IS 70,E,60,5280,1,01,A,MO 763,N,45,1,1,2,6,2,61,Y,N,1,,,1,
2150029977,MO0100200,2015172922,07,2015-09-24 17:03:00.0,,2015-09-24 00:00:00.0,2,,1,1,0,0,010,0610,NA,NA,1,1,L,CST,1,5.033,-92.35303,38.93903,,CST STADIUM BLVD,E,45,0,0,01,NA,CST WEST BLVD,S,30,1,1,2,1,3,63,Y,N,1,,,1,
2150029980,MO0100200,2015185095,07,2015-10-13 07:48:00.0,,2015-10-13 00:00:00.0,6,,0,0,0,0,010,0610,NA,NA,1,3,L,CST,1,0.61888,-92.38082,38.95196,,CST FAIRVIEW RD,S,30,200,0.04,01,A,CST KUNLUN DR,W,30,1,1,2,1,2,61,Y,N,1,,,1,
2150031035,MO0100200,2015183396,07,2015-10-10 12:15:00.0,,2015-10-10 00:00:00.0,11,,0,0,0,0,010,0610,NA,NA,1,3,L,CST,1,2.69,-92.33315,38.91006,,CST NIFONG BLVD,E,45,0,0,U,AT,CST SANDMAN LN,S,20,1,1,2,1,2,61,Y,N,1,,,1,
2150031259,MO0100200,2015184516,07,2015-10-12 08:33:00.0,,2015-10-12 00:00:00.0,43,,0,0,0,0,010,0610,NA,NA,1,1,D,MO,1,5.327,-92.31205,38.9323,740,MO 740,W,40,200,0.04,01,A,CST OLD HWY 63,S,35,1,4,2,1,3,61,Y,N,1,,,1,
2150031749,MO0100200,2015169531,03,2015-09-19 01:51:00.0,,2015-09-19 00:00:00.0,7,,1,1,0,0,010,0610,NA,NA,2,3,L,CST,1,0.12206,-92.39885,38.95463,,CST SCOTT BLVD,S,45,100,0.02,01,B,CST MOUNT CARMEL LN,E,25,2,4,1,2,1,NA,Y,N,1,,,1,
2150032130,MO0100200,2015120493,02,2015-07-07 13:09:00.0,,2015-07-07 00:00:00.0,3,,1,1,0,0,010,0610,NA,NA,1,1,M,LP,2,4.371,-92.32468,38.96403,70,LP 70,E,35,0,0,02,AT,MO 763,N,35,1,1,2,1,2,NA,Y,Y,1,,,1,
2150032444,MO0100200,2015138740,07,2015-08-04 07:26:00.0,,2015-08-04 00:00:00.0,18,,0,0,0,0,010,0610,NA,NA,1,1,D,MO,1,0.033,-92.33368,38.96901,163,MO 163,N,35,0,0,02,AT,IS 70,W,60,1,1,1,1,2,64,Y,N,1,,,1,
2150033280,MO0100200,2015173516,07,2015-09-25 13:21:00.0,,2015-09-25 00:00:00.0,17,,1,1,0,0,010,0610,NA,NA,1,3,L,CST,2,0.276,-92.30297,38.9151,,CST OLD HWY 63,S,40,1056,0.2,01,B,CST CHINABERRY DR,W,40,1,4,2,1,2,61,Y,N,1,,,1,
2150033504,MO0100200,2015178362,07,2015-10-04 17:09:00.0,,2015-10-04 00:00:00.0,7,,1,1,0,0,010,0610,NA,NA,1,1,H,RT,5,11.36994,-92.30269,38.97294,B,RT B,S,40,100,0.02,01,A,CST VANDIVER DR,E,35,1,1,2,1,2,60,Y,N,2,,,1,
2150033995,MO0100200,2015186148,07,2015-10-14 15:15:00.0,,2015-10-14 00:00:00.0,12,,0,0,0,0,010,0610,NA,NA,1,1,H,RT,1,12.1718,-92.3796,38.98338,E,RT E,S,45,75,0.01,01,B,CST SUNFLOWER ST,S,30,2,1,2,1,2,62,Y,N,1,,,1,
2150034204,MO0100200,2015202843,07,2015-11-09 12:35:00.0,,2015-11-09 00:00:00.0,5,,0,0,0,0,010,0610,NA,NA,1,3,L,CST,1,0.242,-92.30369,38.91566,,CST OLD HWY 63,S,40,300,0.06,01,B,CST CHINABERRY DR NJ,S,25,1,1,2,1,2,64,Y,N,1,,,1,
2150034555,MO0100200,2015204846,07,2015-11-12 11:01:00.0,,2015-11-12 00:00:00.0,7,,1,1,0,0,010,0610,NA,NA,1,1,A,IS,4,128.89,-92.29206,38.96168,70,IS 70,E,60,0,0,01,NA,US 63C,S,40,1,3,1,1,2,61,Y,N,1,,,1,
2150034687,MO0100200,2015176012,02,2015-09-29 15:25:00.0,,2015-09-29 00:00:00.0,7,,1,1,0,0,010,0610,NA,NA,2,4,H,RT,1,11.932,-92.30898,38.96647,B,RT B,N,40,0,0,01,NA,PP 1802 RT B,NA,NA,1,1,2,1,2,NA,Y,N,2,,,1,
2150034690,MO0100200,2015188721,07,2015-10-18 17:45:00.0,,2015-10-18 00:00:00.0,3,,0,0,0,0,010,0610,NA,NA,1,1,L,CST,6,13.373,-92.37106,38.97038,,CST STADIUM BLVD,S,35,0,0,06,AT,LP 70,W,60,2,1,2,1,2,61,Y,N,1,,,1,
2150035261,MO0100200,2015202222,03,2015-11-08 05:59:00.0,,2015-11-08 00:00:00.0,13,,0,0,0,0,010,0610,NA,NA,2,3,L,CST,1,0.037,-92.3257,38.90704,,CST STATE FARM PKWY,N,40,200,0.04,01,B,CST NIFONG BLVD,E,50,1,1,2,2,1,NA,Y,N,1,,,1,
2150035846,MO0100200,2015187649,07,2015-10-16 17:39:00.0,,2015-10-16 00:00:00.0,18,,0,0,0,0,010,0610,NA,NA,1,2,K,CRD,1,3.758,-92.30246,38.98552,,CRD OAKLAND GRAVEL RD,N,30,0,0,02,AT,CST BLUE RIDGE RD,E,30,1,1,2,1,2,64,Y,N,1,,,1,
2150035851,MO0100200,2015199746,07,2015-11-04 14:29:00.0,,2015-11-04 00:00:00.0,9,,0,0,0,0,010,0610,NA,NA,1,3,L,CST,1,5.88341,-92.29559,38.94653,,CST BROADWAY,E,40,150,0.03,01,A,CST BRICKTON RD,S,25,1,1,2,1,2,63,Y,N,2,,,1,
2150035858,MO0100200,2015211974,07,2015-11-23 17:10:00.0,,2015-11-23 00:00:00.0,30,,0,0,0,0,010,0610,NA,NA,1,1,I,RT,3,6.117,-92.29075,38.96367,PP,RT PP,N,35,300,0.06,01,A,US 63C,S,30,1,1,2,2,2,63,Y,N,1,,,1,
2150036090,MO0100200,2015209943,07,2015-11-20 08:29:00.0,,2015-11-20 00:00:00.0,8,,0,0,0,0,010,0610,NA,NA,1,3,L,CST,1,0.05682,-92.34407,38.97802,,CST BEAR VALLEY CT,E,25,300,0.06,01,A,CST BEAR BLUFF DR,N,25,1,1,1,1,2,61,Y,N,2,,,1,
2150040900,MO0100200,2015228446,07,2015-12-18 13:56:00.0,,2015-12-18 00:00:00.0,10,,0,0,0,0,010,0610,NA,NA,1,1,D,MO,1,1.874,-92.3335,38.94258,163,MO 163,N,35,0,0,01,AT,CST ROLLINS RD,S,25,2,5,2,1,2,62,Y,N,1,,,1,
2150041140,MO0100200,2015233355,07,2015-12-26 17:08:00.0,,2015-12-26 00:00:00.0,9,,1,1,0,0,010,0610,NA,NA,1,1,D,MO,2,1.801,-92.32359,39.00085,763,MO 763,S,45,0,0,02,AT,CST BROWN SCHOOL RD,W,40,1,5,1,2,2,60,Y,N,3,,,2,
3150001502,MOMHPFF00,150044186,07,2015-01-23 12:35:00.0,,2015-01-23 00:00:00.0,0,,0,0,0,0,010,0610,3,F,1,1,D,MO,1,3.74774,-92.32649,38.97287,763,MO 763,S,45,730,0.14,01,B,CST VANDIVER DR,E,NA,1,1,2,1,2,61,Y,N,1,,,1,
3150005283,MOMHP0022,150071725,07,2015-02-04 16:05:00.0,,2015-02-04 00:00:00.0,-1,U,0,0,0,0,010,0610,3,F,1,3,L,CST,1,4.503,-92.39954,38.93446,,CST SCOTT BOULEVARD,N,45,0,0,02,AT,CST CHAPEL HILL,W,35,1,1,1,1,2,64,N,N,4,,,3,
3150013632,MOMHPFF00,150324894,03,2015-05-31 01:28:00.0,,2015-05-31 00:00:00.0,8,,3,0,3,0,010,0610,3,F,2,1,I,RT,1,0.463,-92.39903,38.96189,ZZ,RT ZZ,N,45,142,0.03,01,A,CST W WORELY ST,E,NA,2,1,2,2,1,NA,Y,N,2,,,1,
3150017646,MOMHPFF00,150434200,01,2015-07-15 21:20:00.0,,2015-07-15 00:00:00.0,16,,0,0,0,0,010,0610,3,F,1,1,D,MO,3,4.42,-92.32361,38.99547,763,MO 763,N,45,800,0.15,01,A,CST SMILEY LANE,E,NA,1,1,2,2,1,NA,Y,N,1,,,1,
2150018866,MO0100200,2015113785,07,2015-06-27 17:40:00.0,,2015-06-27 00:00:00.0,10,,0,0,0,0,010,0610,NA,NA,1,3,L,CST,1,0.032,-92.33862,38.93021,,CST OLD RT K RD,N,30,5280,1,01,B,CST NIFONG BLVD,E,35,2,4,1,1,2,60,Y,N,1,,,1,