CrashId,AgencyOri,AgencyCaseNumber,CrashType,CrashDate,CrashDateUnk,InvestigationDate,ResponseMinuites,ResponseTimeUnk,NumberInjured,NumberMinorInjuries,NumberDisablingInjuries,NumberKilled,County,Municipality,BeatZone,TroopDistrict,OnOffRoadway,RoadMaintainedBy,HighwayClass,RouteDesignater,TrafficwayType,LogPoint,LandedLongitude,LandedLattitude,OnLocHighway,OnLocStreet,OnLocDirection,OnLocSpeedLimit,OnLocDistanceFromFeet,OnLocDistanceFromMiles,IntersectionType,IntersectionLocation,AtLocStreet,IntersectionDirection,AtLocationSpeedLimit,RoadAlignment,RoadProfile,RoadSurface,LightCondition,NumberVehicles,TwoVehicleAnalysis,InvestigatedAtScene,LeftTheScene,WeatherCondition1,WeatherCondition2,WeatherCondition3,RoadCondition1,RoadCondition2
2150019556,MO0100200,2015118644,07,2015-07-04 18:44:00.0,,2015-07-04 00:00:00.0,0,,0,0,0,0,010,0610,NA,NA,1,3,L,CST,1,0.636,-92.28679,38.98142,,CST MEXICO GRAVEL RD,E,30,0,0,01,NA,CST BROWN STATION RD,E,30,2,5,2,1,2,64,Y,Y,1,,,1,
2150020012,MO0100200,2015124680,07,2015-07-13 17:09:00.0,,2015-07-13 00:00:00.0,9,,1,1,0,0,010,0610,NA,NA,1,3,L,CST,1,1.65212,-92.30404,38.97327,,CST VANDIVER DR,E,30,200,0.04,01,B,CRD OAKLAND GRAVEL RD,S,30,2,4,2,1,2,64,Y,N,1,,,1,
2150020123,MO0100200,2015083282,07,2015-05-10 13:41:00.0,,2015-05-10 00:00:00.0,-1,U,3,3,0,0,010,0610,NA,NA,1,1,N,RP,4,0.184,-92.25336,38.95959,,RP 103938,E,60,0,0,01,NA,CRD ST CHARLES RD,E,35,2,4,1,1,2,61,N,N,3,,,2,
2150020224,MO0100200,2015129699,07,2015-07-21 10:13:00.0,,2015-07-21 00:00:00.0,12,,0,0,0,0,010,0610,NA,NA,1,3,L,CST,1,0.134,-92.36057,38.93642,,CST FORUM BLVD,N,35,0,0,02,AT,CST MILLS DR,E,30,2,4,2,1,2,64,Y,N,1,,,1,
2150020377,MO0100200,2015107488,07,2015-06-18 02:00:00.0,,2015-06-18 00:00:00.0,8,,0,0,0,0,010,0610,NA,NA,1,3,L,CST,1,1.48,-92.29991,38.91304,,CST GRINDSTONE PKWY,E,50,0,0,01,NA,CST PONDEROSA ST,N,20,1,5,2,3,2,61,Y,N,1,,,1,
2150021618,MO0100200,2015133226,07,2015-07-26 12:30:00.0,,2015-07-26 00:00:00.0,14,,4,4,0,0,010,0610,NA,NA,1,3,L,CST,1,2.236,-92.36228,38.953,,CST BROADWAY,W,30,0,0,01,AT,CST CLINKSCALES RD,N,30,1,1,1,1,3,61,Y,N,1,,,1,
2150021620,MO0100200,2015135886,02,2015-07-30 12:47:00.0,,2015-07-30 00:00:00.0,0,,1,1,0,0,010,0610,NA,NA,1,1,D,MO,5,1.62,-92.33444,38.94605,163,MO 163,N,35,20,0,01,A,CST STEWART RD,W,30,1,1,2,1,3,NA,Y,N,1,,,1,
2150022068,MO0100200,2015128643,03,2015-07-19 11:33:00.0,,2015-07-19 00:00:00.0,4,,0,0,0,0,010,0610,NA,NA,2,3,L,CST,5,1.134,-92.36968,38.961,,CST WORLEY ST,W,35,200,0.04,01,A,CST BERNADETTE DR,N,25,1,1,1,1,1,NA,Y,N,2,,,2,
2150022216,MO0100200,2015134350,09,2015-07-28 09:22:00.0,,2015-07-28 00:00:00.0,6,,0,0,0,0,010,0610,NA,NA,2,3,L,CST,1,0.109,-92.31253,38.94724,,CST CLIFF DR,N,25,528,0.1,01,A,CST MC NAB DR,E,25,1,1,6,1,2,69,Y,N,1,,,1,
2150022396,MO0100200,2015134293,16,2015-07-28 07:49:00.0,,2015-07-28 00:00:00.0,9,,1,1,0,0,010,0610,NA,NA,2,1,B,US,2,118.713,-92.28141,38.97933,63,US 63,S,65,1056,0.2,01,B,CST VANDIVER DR,E,40,2,1,1,1,1,NA,Y,N,1,,,1,
2150022493,MO0100200,2015141309,07,2015-08-07 22:15:00.0,,2015-08-07 00:00:00.0,3,,0,0,0,0,010,0610,NA,NA,1,3,I,RT,1,0.57682,-92.28588,38.94284,WW,RT WW,E,55,300,0.06,01,A,CST LEGION LN,W,25,2,4,1,3,3,64,Y,N,1,,,1,
2150023010,MO0100200,2015129841,02,2015-07-21 13:30:00.0,,2015-07-21 00:00:00.0,3,,1,1,0,0,010,0610,NA,NA,1,1,D,MO,U,6.441,-92.37122,38.96821,740,MO 740,W,40,0,0,U,AT,IS 70,E,45,U,U,1,1,2,NA,Y,Y,2,,,1,
2150023017,MO0100200,2015143803,05,2015-08-11 23:31:00.0,,2015-08-11 00:00:00.0,6,,0,0,0,0,010,0610,NA,NA,1,3,L,CST,1,1.501,-92.28127,38.96394,,CST CLARK LN,W,35,0,0,03,AT,CST HANOVER BLVD,N,30,1,3,2,2,1,NA,Y,N,1,,,1,
2150023155,MO0100200,2015127712,07,2015-07-17 20:17:00.0,,2015-07-17 00:00:00.0,10,,2,2,0,0,010,0610,NA,NA,1,1,M,LP,2,4.371,-92.32468,38.96403,70,LP 70,E,35,0,0,02,AT,MO 763,S,35,1,1,1,1,2,64,Y,N,1,,,1,
2150023248,MO0100200,2015147445,07,2015-08-17 13:38:00.0,,2015-08-17 00:00:00.0,0,,0,0,0,0,010,0610,NA,NA,1,1,I,RT,1,2.287,-92.29378,38.91287,AC,RT AC,E,50,0,0,01,AT,US 63,N,65,1,1,2,1,2,61,Y,N,3,,,2,
2150023417,MO0100200,2015144892,09,2015-08-13 13:00:00.0,,2015-08-13 00:00:00.0,42,,0,0,0,0,010,0610,NA,NA,2,3,L,CST,1,0.14168,-92.32961,38.95252,,CST SEVENTH ST,S,20,30,0.01,01,A,CST WALNUT ST,E,20,1,1,2,1,2,61,Y,N,1,,,1,
2150023608,MO0100200,2015140716,03,2015-08-07 01:05:00.0,,2015-08-07 00:00:00.0,5,,0,0,0,0,010,0610,NA,NA,2,U,L,CST,1,0.252,-92.39864,38.95621,,CST BROADWAY,W,45,100,0.02,01,B,CST SCOTT BLVD,S,45,2,4,2,3,1,NA,Y,Y,1,,,1,
2150024262,MO0100200,20151487988,07,2015-08-19 16:33:00.0,,2015-08-19 00:00:00.0,10,,2,2,0,0,010,0610,NA,NA,1,1,L,CST,1,2.136,-92.35916,38.96729,,CST I - 70 DR,W,45,800,0.15,01,B,CST CLINKSCALES RD,S,30,1,1,2,1,2,64,Y,N,1,,,1,
2150018862,MO0100200,2015110419,07,2015-06-22 16:48:00.0,,2015-06-22 00:00:00.0,9,,0,0,0,0,010,0610,NA,NA,1,1,A,IS,1,127.02673,-92.32481,38.96861,70,IS 70,E,60,25,0,01,A,MO 763,S,35,1,1,2,1,2,61,Y,N,1,,,1,
2150018865,MO0100200,2015113071,07,2015-06-26 15:15:00.0,,2015-06-26 00:00:00.0,3,,0,0,0,0,010,0610,NA,NA,1,1,M,LP,1,1.715,-92.32116,38.964,70,LP 70,E,35,0,0,03,AT,CST COLLEGE AVE,N,35,1,1,2,1,2,64,Y,N,3,,,2,
2150019090,MO0100200,2015100143,07,2015-06-06 10:20:00.0,,2015-06-06 00:00:00.0,0,,0,0,0,0,010,0610,NA,NA,1,3,D,MO,1,4.303,-92.32466,38.96501,763,MO 763,N,35,20,0,01,B,CST LAKEVIEW AVE,E,35,1,1,1,1,2,61,Y,N,2,,,1,
2150019093,MO0100200,2015125048,03,2015-07-14 09:33:00.0,,2015-07-14 00:00:00.0,0,,0,0,0,0,010,0610,NA,NA,2,3,L,CST,1,0.0882,-92.32858,38.95131,,CST EIGHTH ST,S,20,75,0.01,01,A,CST BROADWAY,E,20,1,5,2,1,1,NA,Y,N,1,,,1,
2150019553,MO0100200,2015097582,07,2015-06-02 17:35:00.0,,2015-06-02 00:00:00.0,38,,1,1,0,0,010,0610,NA,NA,1,1,A,IS,3,126.4533,-92.33543,38.96908,70,IS 70,E,60,500,0.09,01,B,MO 163,N,35,1,1,2,1,3,61,Y,N,1,,,1,
2150020015,MO0100200,2015125981,07,2015-07-15 15:16:00.0,,2015-07-15 00:00:00.0,26,,0,0,0,0,010,0610,NA,NA,1,1,L,CST,1,5.033,-92.35303,38.93903,,CST STADIUM BLVD,E,45,0,0,01,AT,CST WEST BLVD,S,30,2,1,2,1,2,62,Y,N,1,,,1,
2150020126,MO0100200,2015125171,07,2015-07-14 12:57:00.0,,2015-07-14 00:00:00.0,3,,0,0,0,0,010,0610,NA,NA,1,1,L,CST,1,0.533,-92.32153,38.95628,,CST COLLEGE AVE,S,35,0,0,02,AT,CST ROGERS ST,E,30,1,5,1,1,2,64,Y,N,2,,,1,
2150020127,MO0100200,2015127388,07,2015-07-17 12:34:00.0,,2015-07-17 00:00:00.0,0,,1,1,0,0,010,0610,NA,NA,1,1,L,CST,1,2.89453,-92.33409,38.95176,,CST PROVIDENCE RD,S,35,50,0.01,01,B,CST BROADWAY,W,25,1,1,2,1,3,61,Y,N,1,,,1,
2150020482,MO0100200,2015128573,03,2015-07-19 07:35:00.0,,2015-07-19 00:00:00.0,10,,1,1,0,0,010,0610,NA,NA,2,1,B,US,4,216.47953,-92.29345,38.94625,63,US 63,N,65,50,0.01,01,B,CST BROADWAY,E,45,1,1,2,1,1,NA,Y,N,3,,,2,
2150021616,MO0100200,2015119850,07,2015-07-06 15:00:00.0,,2015-07-06 00:00:00.0,24,,0,0,0,0,010,0610,NA,NA,1,3,L,CST,1,0.187,-92.29118,38.94626,,CST BROADWAY,W,35,0,0,03,AT,CST KEENE ST,S,35,1,1,2,1,3,60,Y,N,1,,,1,
2150021624,MO0100200,2015137619,07,2015-08-02 00:56:00.0,,2015-08-02 00:00:00.0,3,,0,0,0,0,010,0610,NA,NA,1,3,L,CST,5,0.188,-92.33018,38.9715,,CST VANDIVER DR,E,35,380,0.07,01,B,CST CORPORATE PLACE,S,30,1,5,2,2,2,61,Y,N,1,,,1,
2150021625,MO0100200,2015138365,07,2015-08-03 14:38:00.0,,2015-08-03 00:00:00.0,5,,1,1,0,0,010,0610,NA,NA,1,3,L,CST,3,2.13886,-92.37346,38.96141,,CST WORLEY ST,W,30,6,0,01,B,PVT COLUMBIA MALL,N,NA,1,1,1,1,2,61,Y,N,1,,,1,
2150022064,MO0100200,2015120122,02,2015-07-06 22:00:00.0,,2015-07-06 00:00:00.0,-1,U,1,1,0,0,010,0610,NA,NA,1,3,L,CST,1,0.43,-92.33647,38.96125,,CST GRAND AVE,S,30,0,0,02,AT,CST 4TH AVE,W,30,1,1,2,2,2,NA,N,N,3,,,2,
2150022065,MO0100200,2015121248,07,2015-07-08 16:11:00.0,,2015-07-08 00:00:00.0,0,,1,1,0,0,010,0610,NA,NA,1,3,K,CRD,1,3.758,-92.30246,38.98552,,CRD OAKLAND GRAVEL RD,W,35,0,0,02,AT,CST BLUE RIDGE RD,N,35,1,1,1,1,2,61,Y,N,2,,,1,
2150023244,MO0100200,2015107206,07,2015-06-17 16:11:00.0,,2015-06-17 00:00:00.0,31,,1,1,0,0,010,0610,NA,NA,1,1,D,MO,1,6.108,-92.29834,38.93159,740,MO 740,E,50,0,0,02,AT,CST EAST POINTE DR,N,30,1,1,1,1,2,64,Y,N,2,,,2,
2150024413,MO0100200,2015154153,07,2015-08-27 08:33:00.0,,2015-08-27 00:00:00.0,24,,1,1,0,0,010,0610,NA,NA,1,3,L,CST,1,0.894,-92.31847,38.92359,,CST ROCK QUARRY RD,N,30,1056,0.2,01,A,CST STAGS WAY,W,25,2,5,2,1,3,61,Y,N,1,,,1,
2150024414,MO0100200,2015154257,07,2015-08-27 10:51:00.0,,2015-08-27 00:00:00.0,15,,0,0,0,0,010,0610,NA,NA,1,1,I,RT,1,1.083,-92.37605,38.9543,TT,RT TT,E,35,0,0,01,NA,CST HEATHER LN,N,30,1,1,2,1,3,61,Y,N,1,,,1,
2150024577,MO0100200,2015142288,07,2015-08-09 16:03:00.0,,2015-08-09 00:00:00.0,27,,1,1,0,0,010,0610,NA,NA,1,3,L,CST,1,3.245,-92.34367,38.95126,,CST BROADWAY,E,30,0,0,02,AT,CST EDGEWOOD AVE,E,30,1,1,1,1,3,61,Y,Y,1,,,1,
2150025044,MO0100200,2015151708,07,2015-08-23 18:41:00.0,,2015-08-23 00:00:00.0,3,,0,0,0,0,010,0610,NA,NA,1,1,L,CST,1,2.596,-92.33488,38.91023,,CST NIFONG BLVD,E,35,0,0,02,AT,MO 163,S,55,1,1,2,1,2,64,Y,N,1,,,1,
2150019832,MO0100200,2015120147,03,2015-07-06 23:04:00.0,,2015-07-06 00:00:00.0,10,,0,0,0,0,010,0610,NA,NA,2,1,A,IS,3,121.18376,-92.29342,38.962,70,IS 70,W,60,400,0.08,01,A,US 63C,S,65,2,4,2,3,1,NA,Y,N,3,,,2,7
2150020008,MO0100200,2015117894,07,2015-07-03 17:27:00.0,,2015-07-03 00:00:00.0,19,,0,0,0,0,010,0610,NA,NA,1,3,L,CST,1,1.095,-92.27151,38.96367,,CST CLARK LN,E,40,0,0,01,AT,CST ROBERT RAY CT,S,30,1,5,2,1,2,61,Y,N,1,,,1,
2150020217,MO0100200,2015109841,07,2015-06-21 17:00:00.0,,2015-06-21 00:00:00.0,9,,0,0,0,0,010,0610,NA,NA,1,1,L,CST,1,2.761,-92.33409,38.95369,,CST PROVIDENCE RD,N,35,0,0,02,AT,CST ASH ST,E,30,1,1,2,1,2,64,Y,Y,1,,,1,
2150020219,MO0100200,2015113608,07,2015-06-27 10:03:00.0,,2015-06-27 00:00:00.0,10,,1,1,0,0,010,0610,NA,NA,1,1,D,MO,2,3.065,-92.32615,38.98276,763,MO 763,S,45,0,0,02,AT,CST BLUE RIDGE RD,E,35,1,1,1,1,2,64,Y,N,2,,,1,
2150020222,MO0100200,2015128984,07,2015-07-20 07:41:00.0,,2015-07-20 00:00:00.0,21,,0,0,0,0,010,0610,NA,NA,1,1,D,MO,1,3.834,-92.33795,38.93785,740,MO 740,E,50,1056,0.2,01,B,MO 163,S,35,1,1,2,1,3,61,Y,N,3,,,2,
2150020379,MO0100200,2015116418,02,2015-07-01 19:27:00.0,,2015-07-01 00:00:00.0,7,,0,0,0,0,010,0610,NA,NA,1,3,L,CST,1,4.196,-92.30898,38.96647,,CST PARIS RD,N,40,0,0,03,AT,CST HATHMAN PL,E,30,1,1,1,1,2,NA,Y,N,3,,,2,
2150020480,MO0100200,2015118210,07,2015-07-03 23:35:00.0,,2015-07-03 00:00:00.0,21,,0,0,0,0,010,0610,NA,NA,1,1,D,MO,3,4.984,-92.33518,38.89958,163,MO 163,S,55,0,0,01,NA,CST SOUTHAMPTON DR,W,30,1,1,1,2,2,61,Y,N,1,,,1,
2150020902,MO0100200,2015116720,03,2015-07-02 06:12:00.0,,2015-07-02 00:00:00.0,20,,0,0,0,0,010,0610,NA,NA,2,3,L,CST,2,0.018,-92.32568,38.90731,,CST STATE FARM PKWY,N,40,100,0.02,01,B,CST NIFONG BLVD,E,40,1,1,2,1,1,NA,Y,N,1,,,1,
2150020904,MO0100200,2015122448,07,2015-07-10 09:49:00.0,,2015-07-10 00:00:00.0,5,,0,0,0,0,010,0610,NA,NA,1,3,L,CST,1,1.533,-92.35951,38.91998,,CST FORUM BLVD,N,40,1056,0.2,01,A,CST CRESTWOOD LN,E,30,1,1,1,1,2,64,Y,N,2,,,1,
2150021215,MO0100200,2015130507,07,2015-07-22 13:16:00.0,,2015-07-22 00:00:00.0,5,,0,0,0,0,010,0610,NA,NA,1,1,H,RT,5,12.259,-92.31232,38.96253,B,RT B,N,40,528,0.1,01,B,LP 70,E,35,1,1,6,1,2,64,Y,N,1,,,1,
2150021216,MO0100200,2015134681,03,2015-07-28 18:40:00.0,,2015-07-28 00:00:00.0,0,,1,0,1,0,010,0610,NA,NA,2,3,L,CST,1,0.3743,-92.34475,38.96212,,CST SEXTON RD,E,30,500,0.09,01,B,CST JEFFERSON ST,N,25,2,1,2,1,1,NA,Y,N,1,,,1,
2150021622,MO0100200,2015136736,07,2015-07-31 16:11:00.0,,2015-07-31 00:00:00.0,6,,1,1,0,0,010,0610,NA,NA,1,1,N,RP,4,0.088,-92.37105,38.96818,,RP 188153,N,40,0,0,01,AT,IS 70,E,60,1,5,2,1,2,61,Y,N,1,,,1,
2150022071,MO0100200,2015137246,07,2015-08-01 11:48:00.0,,2015-08-01 00:00:00.0,11,,1,1,0,0,010,0610,NA,NA,1,1,A,IS,3,123.442,-92.33366,38.96914,70,IS 70,W,60,0,0,07,AT,MO 163,N,35,1,U,2,1,2,61,Y,N,1,,,1,
2150022218,MO0100200,2015139580,02,2015-08-05 10:53:00.0,,2015-08-05 00:00:00.0,17,,1,1,0,0,010,0610,NA,NA,1,3,L,CST,1,1.477,-92.36046,38.92028,,CST FORUM BLVD,S,30,1320,0.25,01,B,CST WOODRAIL AVE,E,30,2,5,1,1,2,NA,Y,N,3,,,2,
2150022491,MO0100200,2015132122,07,2015-07-24 19:03:00.0,,2015-07-24 00:00:00.0,20,,0,0,0,0,010,0610,NA,NA,1,3,L,CST,1,1.865,-92.29275,38.91283,,CST GRINDSTONE PKWY,E,35,0,0,02,AT,RP 7225,N,60,1,1,1,1,2,60,Y,N,1,,,1,
2150023013,MO0100200,2015138362,07,2015-08-03 13:38:00.0,,2015-08-03 00:00:00.0,10,,1,1,0,0,010,0610,NA,NA,1,1,A,IS,3,127.869,-92.30929,38.96738,70,IS 70,E,60,0,0,01,NA,ERM EAST IS 70 MILE 1280,E,60,2,1,1,1,3,61,Y,Y,1,,,1,
2150023015,MO0100200,2015143601,07,2015-08-11 17:31:00.0,,2015-08-11 00:00:00.0,13,,0,0,0,0,010,0610,NA,NA,1,1,I,RT,1,2.00859,-92.29896,38.91301,AC,RT AC,E,50,150,0.03,01,B,CST BLUFF CREEK DR,N,30,1,1,1,1,2,61,Y,N,1,,,1,
2150023249,MO0100200,2015147983,16,2015-08-18 09:32:00.0,,2015-08-18 00:00:00.0,7,,0,0,0,0,010,0610,NA,NA,1,1,B,US,3,122.3537,-92.295,38.93065,63,US 63,S,60,500,0.09,01,A,MO 740,E,50,1,5,2,1,1,NA,Y,N,2,,,1,
2150023610,MO0100200,2015141922,03,2015-08-08 22:30:00.0,,2015-08-08 00:00:00.0,10,,0,0,0,0,010,0610,NA,NA,2,2,L,CST,3,1.68812,-92.39975,38.93201,,CST SCOTT BLVD,S,45,200,0.04,01,B,CRD GILLESPIE BRIDGE RD,W,40,1,1,1,2,1,NA,Y,N,1,,,1,
2150037295,MO0100200,2015216314,07,2015-12-01 07:33:00.0,,2015-12-01 00:00:00.0,8,,3,3,0,0,010,0610,NA,NA,1,3,L,CST,1,0.16,-92.30523,38.96651,,CST CLARK LN,E,35,0,0,03,AT,CST TOWNE DR,E,30,1,4,6,1,2,64,Y,N,1,,,1,
2150037759,MO0100200,2015212373,07,2015-11-24 12:20:00.0,,2015-11-24 00:00:00.0,1,,0,0,0,0,010,0610,NA,NA,1,3,B,US,3,216.387,-92.29359,38.94494,63,US 63,N,65,528,0.1,01,B,CST BROADWAY,E,45,1,5,2,1,3,61,Y,N,1,,,1,
2150037768,MO0100200,2015222874,07,2015-12-10 18:07:00.0,,2015-12-10 00:00:00.0,7,,1,1,0,0,010,0610,NA,NA,1,1,D,MO,3,3.831,-92.33473,38.91631,163,MO 163,S,50,0,0,01,NA,CST GREEN MEADOWS RD,W,30,1,1,2,2,3,61,Y,N,2,,,1,
2150038136,MO0100200,2015201099,07,2015-11-06 10:28:00.0,,2015-11-06 00:00:00.0,3,,0,0,0,0,010,0610,NA,NA,1,3,L,CST,1,0.833,-92.38086,38.94886,,CST FAIRVIEW RD,N,30,25,0,01,B,CST HAL CT,E,20,1,1,1,1,3,63,Y,N,1,,,1,
2150038318,MO0100200,2015215975,07,2015-11-30 16:37:00.0,,2015-11-30 00:00:00.0,6,,1,1,0,0,010,0610,NA,NA,1,1,A,IS,1,122.94259,-92.32441,38.96871,70,IS 70,W,60,150,0.03,01,B,MO 763,N,35,1,1,2,3,3,61,Y,N,3,,,2,
2150038468,MO0100200,2015209395,07,2015-11-19 14:52:00.0,,2015-11-19 00:00:00.0,9,,3,3,0,0,010,0610,NA,NA,1,1,B,US,3,215.5917,-92.2948,38.93345,63,US 63,N,65,500,0.09,01,A,MO 740,E,45,1,5,2,1,5,61,Y,N,1,,,1,
2150038472,MO0100200,2015224351,07,2015-12-12 17:41:00.0,,2015-12-12 00:00:00.0,12,,1,1,0,0,010,0610,NA,NA,1,3,L,CST,2,2.836,-92.33051,38.90981,,CST NIFONG BLVD,W,35,0,0,02,AT,CST BUTTONWOOD DR,E,25,1,1,1,2,2,60,Y,N,1,,,1,
2150039105,MO0100200,2015210244,07,2015-11-20 17:03:00.0,,2015-11-20 00:00:00.0,14,,0,0,0,0,010,0610,NA,NA,1,1,L,CST,5,0.406,-92.39604,38.95564,,CST BROADWAY,W,45,0,0,03,AT,CST STRAWN RD,N,35,1,4,1,2,2,64,Y,N,3,,,2,
2150039110,MO0100200,2015220767,03,2015-12-07 20:17:00.0,,2015-12-07 00:00:00.0,1,,0,0,0,0,010,0610,NA,NA,2,3,L,CST,1,2.287,-92.26708,38.96324,,CST CLARK LN,W,35,20,0,01,B,CST BALLENGER LN,N,40,1,4,1,2,1,NA,Y,N,1,,,1,
2150039111,MO0100200,2015221283,07,2015-12-08 17:02:00.0,,2015-12-08 00:00:00.0,62,,0,0,0,0,010,0610,NA,NA,1,3,L,CST,2,1.726,-92.30422,38.91327,,CST GRINDSTONE PKWY,E,45,75,0.01,01,B,CST BEARFIELD RD,S,30,1,1,2,1,3,61,Y,N,1,,,1,
2150039521,MO0100200,2015207646,07,2015-11-17 06:53:00.0,,2015-11-17 00:00:00.0,21,,0,0,0,0,010,0610,NA,NA,1,1,B,US,1,118.94141,-92.28318,38.97636,63,US 63,S,65,150,0.03,01,A,CST VANDIVER DR,E,40,1,1,2,1,2,61,Y,N,3,,,2,
2150039533,MO0100200,2015220742,03,2015-12-07 19:40:00.0,,2015-12-07 00:00:00.0,1,,0,0,0,0,010,0610,NA,NA,2,3,L,CST,1,0.101,-92.33304,39.00528,,CST FLURRY DR,N,25,200,0.04,01,B,CST ALPINE RIDGE,S,25,1,1,1,2,1,NA,Y,N,1,,,1,
2150039696,MO0100200,2015146362,03,2015-08-15 11:56:00.0,,2015-08-15 00:00:00.0,0,,0,0,0,0,010,0610,NA,NA,2,3,I,RT,1,0.172,-92.29145,38.94627,WW,RT WW,W,40,75,0.01,01,A,CST KEENE ST,N,30,1,1,1,1,1,NA,Y,N,1,,,1,
2150039700,MO0100200,2015222680,07,2015-12-10 14:00:00.0,,2015-12-10 00:00:00.0,8,,2,2,0,0,010,0610,NA,NA,1,1,D,MO,5,1.379,-92.33415,38.94954,163,MO 163,S,35,0,0,01,NA,CST LOCUST ST,E,25,1,1,1,1,3,61,Y,N,1,,,1,
2150039996,MO0100200,2015228858,07,2015-12-19 01:07:00.0,,2015-12-19 00:00:00.0,8,,0,0,0,0,010,0610,NA,NA,1,3,L,CST,1,4.851,-92.39919,38.9395,,CST SCOTT BLVD,N,45,0,0,03,AT,CRD GEORGETOWN DR,W,45,1,1,2,2,2,60,Y,N,1,,,1,
2150040174,MO0100200,2015226181,05,2015-12-15 17:20:00.0,,2015-12-15 00:00:00.0,26,,1,0,1,0,010,0610,NA,NA,1,1,B,US,4,1.33,-92.29376,38.95572,63C,US 63C,S,45,650,0.12,01,A,US 63 SJ,S,65,2,4,1,3,1,NA,Y,Y,2,,,1,
2150040336,MO0100200,2015231754,07,2015-12-23 17:41:00.0,,2015-12-23 00:00:00.0,25,,1,1,0,0,010,0610,NA,NA,1,3,L,CST,2,0.837,-92.37292,38.96582,,CST BERNADETTE DR,W,30,0,0,02,AT,CST KNIPP ST,N,30,1,1,2,2,2,60,Y,N,1,10,,1,
2150040490,MO0100200,2015222986,07,2015-12-10 20:38:00.0,,2015-12-10 00:00:00.0,7,,0,0,0,0,010,0610,NA,NA,1,1,L,CST,1,1.114,-92.3134,38.91337,,CST GRINDSTONE PKWY,W,50,0,0,02,AT,CST ROCK QUARRY RD,S,35,1,1,1,2,2,64,Y,N,1,,,1,
2150040759,MO0100200,2015220946,07,2015-12-08 06:33:00.0,,2015-12-08 00:00:00.0,17,,0,0,0,0,010,0610,NA,NA,1,1,A,IS,5,125.587,-92.37105,38.96832,70,IS 70,W,60,0,0,01,NA,MO 740,E,40,2,5,2,1,2,63,Y,N,2,,,1,
2150040764,MO0100200,2015231392,07,2015-12-23 08:34:00.0,,2015-12-23 00:00:00.0,8,,1,1,0,0,010,0610,NA,NA,1,3,L,CST,1,2.806,-92.28428,38.97695,,CST VANDIVER DR,E,45,0,0,02,AT,CST BASS PRO DR,S,30,1,1,1,1,2,64,Y,N,2,,,2,
2150041039,MO0100200,2015170206,03,2015-09-20 03:36:00.0,,2015-09-20 00:00:00.0,44,,0,0,0,0,010,0610,NA,NA,2,3,L,CST,1,0.207,-92.38061,38.95794,,CST FAIRVIEW RD,S,25,0,0,02,AT,CST ASH ST,S,25,1,4,1,2,1,NA,Y,Y,1,,,1,
2150041675,MO0100200,2015231760,07,2015-12-23 17:46:00.0,,2015-12-23 00:00:00.0,21,,1,1,0,0,010,0610,NA,NA,1,3,L,CST,1,2.744,-92.33409,38.95369,,CST ASH ST,W,35,0,0,01,NA,MO 163,N,35,1,5,2,2,2,63,Y,N,1,,,1,
2150041705,MO0100200,2015225417,07,2015-12-14 15:13:00.0,,2015-12-14 00:00:00.0,10,,0,0,0,0,010,0610,NA,NA,1,1,I,RT,2,0.478,-92.3261,38.90987,AC,RT AC,E,45,0,0,01,NA,CST GREEN MEADOWS RD,S,30,1,1,2,1,2,61,Y,N,2,,,1,
2150041955,MO0100200,2015224960,07,2015-12-13 20:15:00.0,,2015-12-13 00:00:00.0,0,,2,2,0,0,010,0610,,,1,1,A,IS,3,124.456,-92.35165,38.96649,70,IS 70,W,60,0,0,07,AT,LP 70,W,60,1,1,1,3,2,61,Y,N,3,,,2,
3150005549,MOMHPFF00,150115131,03,2015-02-26 12:30:00.0,,2015-02-26 00:00:00.0,10,,0,0,0,0,010,0610,3,F,2,1,I,RT,3,1.25358,-92.37291,38.95405,TT,RT TT,E,35,187,0.04,01,B,CST BOURN AVE,S,NA,1,1,2,1,1,NA,Y,N,6,1,,1,