CrashId,AgencyOri,AgencyCaseNumber,CrashType,CrashDate,CrashDateUnk,InvestigationDate,ResponseMinuites,ResponseTimeUnk,NumberInjured,NumberMinorInjuries,NumberDisablingInjuries,NumberKilled,County,Municipality,BeatZone,TroopDistrict,OnOffRoadway,RoadMaintainedBy,HighwayClass,RouteDesignater,TrafficwayType,LogPoint,LandedLongitude,LandedLattitude,OnLocHighway,OnLocStreet,OnLocDirection,OnLocSpeedLimit,OnLocDistanceFromFeet,OnLocDistanceFromMiles,IntersectionType,IntersectionLocation,AtLocStreet,IntersectionDirection,AtLocationSpeedLimit,RoadAlignment,RoadProfile,RoadSurface,LightCondition,NumberVehicles,TwoVehicleAnalysis,InvestigatedAtScene,LeftTheScene,WeatherCondition1,WeatherCondition2,WeatherCondition3,RoadCondition1,RoadCondition2
2150021615,MO0100200,2015118094,07,2015-07-03 21:56:00.0,,2015-07-03 00:00:00.0,12,,0,0,0,0,010,0610,NA,NA,1,3,B,US,1,0.899,-92.29206,38.96168,63C,US 63C,N,35,0,0,07,AT,IS 70,E,60,1,1,2,2,2,60,Y,N,1,,,1,
2150021623,MO0100200,2015137524,07,2015-08-01 21:43:00.0,,2015-08-01 00:00:00.0,16,,0,0,0,0,010,0610,NA,NA,1,2,L,CST,1,0,-92.38172,38.91085,,CST NIFONG BLVD,W,40,0,0,01,AT,CRD OLD MILLCREEK RD,N,30,1,1,2,2,2,60,Y,N,1,,,1,
2150022062,MO0100200,2015112482,03,2015-06-25 18:31:00.0,,2015-06-25 00:00:00.0,9,,0,0,0,0,010,0610,NA,NA,2,1,B,US,3,116.879,-92.30055,39.00012,63,US 63,N,70,356,0.07,01,B,CRD OAKLAND GRAVEL RD,E,35,1,4,2,1,1,NA,Y,N,2,,,1,
2150022063,MO0100200,2015117320,07,2015-07-02 21:24:00.0,,2015-07-02 00:00:00.0,13,,1,1,0,0,010,0610,NA,NA,1,3,K,CRD,1,0.45,-92.28355,38.94946,,CRD ST CHARLES RD,E,30,100,0.02,01,A,CST REMINGTON DR,N,30,1,1,2,3,2,61,Y,N,1,,,1,
2150022066,MO0100200,2015122421,09,2015-07-10 08:37:00.0,,2015-07-10 00:00:00.0,7,,0,0,0,0,010,0610,NA,NA,2,3,L,CST,1,0.107,-92.34217,38.91422,,CST EL CORTEZ DR,W,30,200,0.04,01,B,CST SIERRA MADRE,S,30,1,1,1,1,2,63,Y,N,2,,,1,
2150022070,MO0100200,2015135441,07,2015-07-29 20:18:00.0,,2015-07-29 00:00:00.0,18,,0,0,0,0,010,0610,NA,NA,1,1,B,US,1,120.486,-92.29348,38.9576,63C,US 63C,S,35,0,0,02,AT,CST CONLEY RD,E,35,1,1,1,2,2,64,Y,N,1,,,1,
2150022398,MO0100200,2015135725,07,2015-07-30 07:54:00.0,,2015-07-30 00:00:00.0,11,,0,0,0,0,010,0610,NA,NA,1,3,L,CST,1,0.207,-92.2894,38.95831,,CST KEENE ST,N,30,250,0.05,01,A,CST WINGATE CT,E,30,1,1,2,1,2,64,Y,N,1,,,1,
2150022496,MO0100200,2015144008,03,2015-08-12 09:30:00.0,,2015-08-12 00:00:00.0,12,,1,1,0,0,010,0610,NA,NA,2,1,I,RT,1,3.954,-92.26464,38.976,PP,RT PP,N,45,200,0.04,01,B,CST AZTEC BLVD,E,30,1,1,2,1,1,NA,Y,N,1,,,1,
2150023416,MO0100200,2015131950,07,2015-07-24 14:38:00.0,,2015-07-24 00:00:00.0,48,,1,1,0,0,010,0610,NA,NA,1,3,L,CST,3,0.869,-92.32188,38.95141,,CST COLLEGE AVE,S,45,0,0,01,NA,CST BROADWAY,E,20,1,1,1,1,2,61,Y,N,1,,,1,
2150024031,MO0100200,2015142395,03,2015-08-09 00:00:00.0,,2015-08-09 00:00:00.0,2,,0,0,0,0,010,0610,NA,NA,2,3,L,CST,1,1.985,-92.36194,38.96755,,CST I - 70 DR,E,35,0,0,01,AT,CST CLINKSCALES RD,S,35,1,1,2,2,1,NA,Y,N,2,,,1,
2150024263,MO0100200,2015148979,07,2015-08-19 09:52:00.0,,2015-08-19 00:00:00.0,-1,U,2,2,0,0,010,0610,NA,NA,1,3,M,LP,2,1.73394,-92.3208,38.964,70,LP 70,E,35,100,0.02,01,A,CST COLLEGE AVE,N,35,1,1,2,1,2,61,N,N,1,,,1,
2150024412,MO0100200,2015152811,07,2015-08-25 13:10:00.0,,2015-08-25 00:00:00.0,15,,2,1,1,0,010,0610,NA,NA,1,1,L,CST,1,0.90705,-92.33555,38.90314,,CST OUTER RD,S,35,750,0.14,01,A,CST PEACH WAY,E,30,1,3,2,1,2,60,Y,N,1,,,1,
2150024415,MO0100200,2015154332,07,2015-08-27 13:17:00.0,,2015-08-27 00:00:00.0,10,,0,0,0,0,010,0610,NA,NA,1,1,H,RT,1,13.09545,-92.37093,38.97441,E,RT E,S,40,240,0.05,01,A,CST TIMBER CREEK DR,W,25,1,3,2,1,2,63,Y,N,1,,,1,
2150024576,MO0100200,2015139750,07,2015-08-05 15:56:00.0,,2015-08-05 00:00:00.0,0,,0,0,0,0,010,0610,NA,NA,1,3,L,CST,1,1.463,-92.26757,38.96001,,CST I-70 DR SE,W,45,1584,0.3,01,B,CST TARA LN,N,30,1,1,2,1,2,62,Y,N,2,3,,2,
2150024723,MO0100200,2015156883,07,2015-08-31 10:50:00.0,,2015-08-31 00:00:00.0,5,,1,1,0,0,010,0610,NA,NA,1,3,M,LP,3,0.83,-92.33749,38.9651,70,LP 70,W,35,15,0,01,A,CST INDIANA AVE,S,25,1,1,2,1,2,61,Y,N,1,,,1,
2150025045,MO0100200,2015155784,07,2015-08-29 12:07:00.0,,2015-08-29 00:00:00.0,7,,0,0,0,0,010,0610,NA,NA,1,3,M,LP,1,0.773,-92.33855,38.96518,70,LP 70,W,35,0,0,01,NA,CST GARTH AVE,S,25,1,1,2,1,2,64,Y,N,1,,,1,
2150025046,MO0100200,2015155809,07,2015-08-29 13:10:00.0,,2015-08-29 00:00:00.0,7,,0,0,0,0,010,0610,NA,NA,1,3,L,CST,1,0.32706,-92.29609,38.94842,,CST TRIMBLE RD,E,35,100,0.02,01,B,CST BRICKTON RD,N,25,1,1,2,1,2,64,Y,N,2,,,1,
2150025239,MO0100200,2015148752,07,2015-08-19 10:20:00.0,,2015-08-19 00:00:00.0,4,,0,0,0,0,010,0610,NA,NA,1,3,L,CST,1,0.249,-92.35332,38.91684,,CST OAK LAWN DR,N,25,300,0.06,01,B,CST SYCAMORE LN,E,25,2,5,2,1,2,60,Y,N,1,,,1,
2150025427,MO0100200,2015158416,07,2015-09-02 14:16:00.0,,2015-09-02 00:00:00.0,10,,1,1,0,0,010,0610,NA,NA,1,1,M,LP,1,1.35406,-92.32786,38.96408,70,LP 70,E,35,100,0.02,01,B,CST COATS ST,S,20,1,1,2,1,2,63,Y,N,1,,,1,
2150025569,MO0100200,2015148607,03,2015-08-19 04:38:00.0,,2015-08-19 00:00:00.0,22,,0,0,0,0,010,0610,NA,NA,2,1,A,IS,3,123.491,-92.38788,38.96988,70,IS 70,E,70,0,0,01,AT,ERM EAST IS 70 MILE 1236,NA,NA,1,1,2,2,1,NA,Y,N,1,,,1,
2150025741,MO0100200,2015113139,07,2015-06-26 16:55:00.0,,2015-06-26 00:00:00.0,34,,0,0,0,0,010,0610,NA,NA,1,3,L,CST,1,2.344,-92.29176,38.97438,,CST VANDIVER DR,W,35,0,0,01,NA,CST CENTER STATE DR,N,30,1,1,2,1,2,61,Y,N,2,3,,2,
2150025744,MO0100200,2015156338,07,2015-08-30 08:51:00.0,,2015-08-30 00:00:00.0,4,,0,0,0,0,010,0610,NA,NA,1,1,D,MO,6,0.033,-92.33368,38.96901,163,MO 163,N,35,0,0,02,AT,IS 70,W,35,1,4,1,1,2,64,Y,N,2,,,1,
2150025906,MO0100200,2015148318,07,2015-08-18 16:37:00.0,,2015-08-18 00:00:00.0,8,,0,0,0,0,010,0610,NA,NA,1,3,L,CST,1,1.498,-92.37589,38.95429,,CST BROADWAY,W,35,50,0.01,01,B,CST HEATHER LN,S,25,1,1,1,1,2,64,Y,N,1,,,1,
2150025907,MO0100200,2015157754,09,2015-09-01 12:44:00.0,,2015-09-01 00:00:00.0,11,,0,0,0,0,010,0610,NA,NA,2,3,L,CST,1,0.009,-92.36705,38.93649,,CST RIDGEMONT CT,S,25,50,0.01,01,A,CST HIGHRIDGE CIR,W,30,1,1,2,1,2,61,Y,N,1,,,1,
2150026421,MO0100200,2015165552,03,2015-09-13 01:54:00.0,,2015-09-13 00:00:00.0,6,,0,0,0,0,010,0610,NA,NA,2,3,L,CST,1,0.75788,-92.33813,38.96023,,CST SEXTON RD,E,30,200,0.04,01,A,CST GARTH AVE,S,30,1,1,2,2,1,NA,Y,N,1,,,1,
2150026604,MO0100200,2015149787,07,2015-08-20 18:14:00.0,,2015-08-20 00:00:00.0,19,,0,0,0,0,010,0610,NA,NA,1,3,L,CST,1,1.038,-92.34494,38.90038,,CST BETHEL ST,N,30,0,0,01,NA,CST SOUTHAMPTON DR,E,30,1,1,1,1,2,62,Y,N,1,,,1,
2150026607,MO0100200,2015166023,07,2015-09-14 07:47:00.0,,2015-09-14 00:00:00.0,11,,2,2,0,0,010,0610,NA,NA,1,1,D,MO,2,0.423,-92.29836,38.93171,740,MO 740,W,55,0,0,02,AT,CST AUDUBON DR,N,25,1,1,2,1,2,64,Y,N,1,,,1,
2150026763,MO0100200,2015144695,03,2015-08-13 07:50:00.0,,2015-08-13 00:00:00.0,13,,0,0,0,0,010,0610,NA,NA,2,3,B,US,3,122.44839,-92.29492,38.92929,63,US 63,S,65,1000,0.19,01,A,MO 740,W,50,1,1,1,1,1,NA,Y,N,1,,,1,
2150027057,MO0100200,2015153697,07,2015-08-26 17:07:00.0,,2015-08-26 00:00:00.0,0,,0,0,0,0,010,0610,NA,NA,1,3,L,CST,1,0.314,-92.28239,38.89555,,CST DISCOVERY PKWY,N,40,0,0,03,AT,CST PONDEROSA ST,W,30,1,1,1,1,2,64,Y,N,1,,,1,
2150028026,MO0100200,2015155348,07,2015-08-28 17:59:00.0,,2015-08-28 00:00:00.0,15,,1,1,0,0,010,0610,NA,NA,1,3,L,CST,1,1.489,-92.37605,38.9543,,CST BROADWAY,W,35,0,0,01,NA,CST HEATHER LN,S,30,1,1,2,1,3,61,Y,N,1,,,1,
2150028486,MO0100200,2015177150,07,2015-10-01 08:19:00.0,,2015-10-01 00:00:00.0,11,,0,0,0,0,010,0610,NA,NA,1,3,K,CRD,1,4.85,-92.35243,38.96931,,CRD CREASY SPRINGS RD,N,35,0,0,03,AT,CST TEXAS AVE,W,30,1,1,2,1,2,64,Y,N,1,,,1,
2150028654,MO0100200,2015162137,03,2015-09-08 01:04:00.0,,2015-09-08 00:00:00.0,47,,2,1,1,0,010,0610,NA,NA,2,3,L,CST,1,4.85556,-92.31402,38.95011,,CST BROADWAY,E,30,98,0.02,01,A,CST ANN ST,N,20,1,5,2,2,1,NA,Y,N,2,,,1,
2150028954,MO0100200,2015175684,03,2015-09-29 04:48:00.0,,2015-09-29 00:00:00.0,12,,0,0,0,0,010,0610,NA,NA,2,1,A,IS,3,124.017,-92.37817,38.96903,70,IS 70,E,70,2000,0.38,01,B,MO 740,W,40,1,1,2,3,1,NA,Y,N,1,,,1,
2150029322,MO0100200,2015165185,07,2015-09-12 11:44:00.0,,2015-09-12 00:00:00.0,13,,0,0,0,0,010,0610,NA,NA,1,3,K,CRD,1,4.381,-92.35153,38.97604,,CRD CREASY SPRINGS RD,N,35,0,0,03,AT,CST WINCHESTER DR,W,30,1,1,2,1,2,64,Y,N,2,,,1,
2150029715,MO0100200,2015162479,07,2015-09-08 15:12:00.0,,2015-09-08 00:00:00.0,14,,0,0,0,0,010,0610,NA,NA,1,3,L,CST,1,2.079,-92.31338,38.90748,,CST ROCK QUARRY RD,S,50,0,0,02,AT,CST NIFONG BLVD,S,35,1,1,1,1,2,64,Y,N,1,,,1,
2150030179,MO0100200,2015185834,07,2015-10-14 08:00:00.0,,2015-10-14 00:00:00.0,5,,0,0,0,0,010,0610,NA,NA,1,3,L,CST,1,1.515,-92.38647,38.93417,,CST CHAPEL HILL RD,E,30,0,0,01,NA,CST RAINWOOD DR,S,30,2,4,2,1,3,61,Y,N,1,,,1,
2150030180,MO0100200,2015186225,07,2015-10-14 16:50:00.0,,2015-10-14 00:00:00.0,1,,4,4,0,0,010,0610,NA,NA,1,3,L,CST,1,1.515,-92.35278,38.95574,,CST ASH ST,E,30,0,0,02,AT,CST WEST BLVD,N,30,1,1,2,1,3,64,Y,N,1,,,1,
2150030623,MO0100200,2015186909,07,2015-10-15 16:10:00.0,,2015-10-15 00:00:00.0,11,,0,0,0,0,010,0610,NA,NA,1,3,L,CST,1,0.072,-92.33653,38.89854,,CST CORPORATE PLAZA DR,W,25,0,0,03,AT,CST SANTANA CIR,N,25,1,1,1,1,2,64,Y,N,2,,,1,
2150030624,MO0100200,2015190321,07,2015-10-21 08:23:00.0,,2015-10-21 00:00:00.0,12,,0,0,0,0,010,0610,NA,NA,1,1,L,CST,1,0.24,-92.39909,38.95296,,CST SCOTT BLVD,S,45,0,0,03,AT,CST CHRISTIAN FELLOWSHIP RD,W,25,1,1,1,1,2,64,Y,N,1,,,1,
2150030721,MO0100200,2015185884,03,2015-10-14 09:08:00.0,,2015-10-14 00:00:00.0,7,,0,0,0,0,010,0610,NA,NA,2,3,L,CST,4,0,-92.33419,38.91369,,CST BUTTONWOOD DR,S,55,0,0,05,AT,MO 163,N,30,2,1,1,1,1,NA,Y,N,1,,,1,
2150031031,MO0100200,2015171837,09,2015-09-23 06:06:00.0,,2015-09-23 00:00:00.0,10,,1,0,1,0,010,0610,NA,NA,2,3,L,CST,1,0.75418,-92.26047,38.97415,,CST RICE RD,E,30,300,0.06,01,B,CST PETTIS DR,S,30,1,5,1,2,2,64,Y,N,2,,,1,
2150031034,MO0100200,2015183331,07,2015-10-10 09:45:00.0,,2015-10-10 00:00:00.0,0,,1,1,0,0,010,0610,NA,NA,1,1,D,MO,1,1.878,-92.33342,38.94253,163,MO 163,S,35,0,0,U,AT,CST FIFTH ST,N,30,1,1,2,1,3,61,Y,N,1,,,1,
2150031503,MO0100200,2015194295,07,2015-10-27 08:22:00.0,,2015-10-27 00:00:00.0,14,,0,0,0,0,010,0610,NA,NA,1,3,L,CST,1,3.48006,-92.33934,38.95156,,CST BROADWAY,E,30,100,0.02,01,B,CST GARTH AVE,S,20,1,4,2,1,2,61,Y,N,3,,,2,
2150032303,MO0100200,2015190090,07,2015-10-20 21:22:00.0,,2015-10-20 00:00:00.0,7,,2,2,0,0,010,0610,NA,NA,1,1,M,LP,3,0.773,-92.33855,38.96518,70,LP 70,E,35,0,0,02,AT,CST GARTH AVE,S,25,1,1,2,2,2,64,Y,N,1,,,1,
2150032450,MO0100200,2015197320,03,2015-10-31 14:26:00.0,,2015-10-31 00:00:00.0,13,,0,0,0,0,010,0610,NA,NA,2,1,A,IS,3,129.07939,-92.28856,38.96154,70,IS 70,E,60,1000,0.19,01,A,US 63C,N,65,1,1,2,1,1,NA,Y,N,3,,,2,
2150033116,MO0100200,2015199540,07,2015-11-04 09:30:00.0,,2015-11-04 00:00:00.0,12,,2,1,1,0,010,0610,NA,NA,1,3,L,CST,1,1.801,-92.35738,38.95987,,CST WORLEY ST,E,30,0,0,01,AT,CST PERSHING RD,N,25,1,4,2,1,3,64,Y,N,2,,,1,
2150033117,MO0100200,2015200338,07,2015-11-05 12:48:00.0,,2015-11-05 00:00:00.0,19,,0,0,0,0,010,0610,NA,NA,1,1,B,US,1,0.793,-92.29186,38.9632,63C,US 63C,N,40,150,0.03,01,B,RT PP,E,35,1,1,1,1,3,64,Y,N,2,,,1,
2150033507,MO0100200,2015193952,07,2015-10-26 17:14:00.0,,2015-10-26 00:00:00.0,12,,0,0,0,0,010,0610,NA,NA,1,1,D,MO,1,3.459,-92.32642,38.97706,763,MO 763,S,45,0,0,01,AT,CST BIG BEAR BLVD,W,30,1,1,2,1,2,61,Y,N,1,,,1,
2150034200,MO0100200,2015169796,07,2015-09-19 16:00:00.0,,2015-09-19 00:00:00.0,20,,0,0,0,0,010,0610,NA,NA,1,1,I,RT,3,1.21306,-92.31371,38.91328,AC,RT AC,E,50,100,0.02,01,B,CST ROCK QUARRY RD,S,30,1,1,2,1,3,61,Y,N,1,,,1,
2150034203,MO0100200,2015200530,07,2015-11-05 17:35:00.0,,2015-11-05 00:00:00.0,13,,0,0,0,0,010,0610,NA,NA,1,3,K,CRD,1,2.674,-92.30317,38.99935,,CRD BROWN SCHOOL RD,W,40,0,0,02,AT,CRD OAKLAND GRAVEL,N,30,1,1,1,2,2,64,Y,N,3,,,2,
2150034697,MO0100200,2015200501,07,2015-11-05 16:49:00.0,,2015-11-05 00:00:00.0,12,,0,0,0,0,010,0610,NA,NA,1,1,D,MO,3,0.78312,-92.37136,38.95812,740,MO 740,E,40,200,0.04,01,B,CST ASH ST,W,30,1,1,1,2,3,61,Y,N,3,,,2,
2150034698,MO0100200,2015201867,02,2015-11-07 13:58:00.0,,2015-11-07 00:00:00.0,8,,1,1,0,0,010,0610,NA,NA,2,4,L,CST,6,0.207,-92.33576,38.8945,,CST CENTER DR,E,10,0,0,01,NA,CST OUTER RD,S,U,1,1,2,1,2,NA,Y,N,1,,,1,
2150035076,MO0100200,2015200900,07,2015-11-06 07:32:00.0,,2015-11-06 00:00:00.0,15,,1,1,0,0,010,0610,NA,NA,1,1,D,MO,4,2.22211,-92.36744,38.93868,740,MO 740,E,50,10,0,01,B,CST COLLEGE PARK DR,S,30,1,5,2,1,4,61,Y,N,1,,,1,
2150035262,MO0100200,2015206994,07,2015-11-16 03:51:00.0,,2015-11-16 00:00:00.0,4,,0,0,0,0,010,0610,NA,NA,1,3,D,MO,1,0.723,-92.33408,38.95903,163,MO 163,S,35,0,0,03,AT,CST SEXTON RD,E,35,1,1,1,2,2,64,Y,Y,3,,,2,
2150035421,MO0100200,2015196983,03,2015-10-30 21:58:00.0,,2015-10-30 00:00:00.0,15,,0,0,0,0,010,0610,NA,NA,2,3,L,CST,1,0.162,-92.3052,38.9665,,CST CLARK LN,W,35,15,0,01,B,CST TOWNE DR,E,25,1,3,2,2,1,NA,Y,N,3,,,2,
2150035603,MO0100200,2015207467,07,2015-11-16 19:15:00.0,,2015-11-16 00:00:00.0,17,,0,0,0,0,010,0610,NA,NA,1,1,D,MO,1,10.497,-92.3346,38.91631,163,MO 163,N,55,0,0,03,AT,CST CARTER LN,S,30,1,1,2,3,2,64,Y,N,3,2,,2,
2150035604,MO0100200,2015207912,03,2015-11-17 14:59:00.0,,2015-11-17 00:00:00.0,7,,0,0,0,0,010,0610,NA,NA,2,1,B,US,3,123.63982,-92.29373,38.91204,63,US 63,S,65,300,0.06,01,A,RT AC,E,50,2,1,2,1,1,NA,Y,N,3,2,,2,
2150035853,MO0100200,2015205530,07,2015-11-13 08:50:00.0,,2015-11-13 00:00:00.0,156,,1,1,0,0,010,0610,NA,NA,1,3,M,LP,3,0.955,-92.33521,38.9648,70,LP 70,W,35,10,0,01,B,CST ILLINOIS AVE,S,35,1,1,1,1,2,64,Y,N,1,,,1,
2150035854,MO0100200,2015207351,07,2015-11-16 16:05:00.0,,2015-11-16 00:00:00.0,14,,1,1,0,0,010,0610,NA,NA,1,3,L,CST,1,0.80103,-92.31921,38.96001,,CST WILKES BLVD,E,30,116,0.02,01,B,CST HICKORY ST,E,25,2,1,2,1,2,60,Y,N,2,,,2,
2150036091,MO0100200,2015210246,07,2015-11-20 17:05:00.0,,2015-11-20 00:00:00.0,16,,1,1,0,0,010,0610,NA,NA,1,3,L,CST,1,0.212,-92.28752,38.95522,,CST PORTLAND ST,S,30,0,0,02,AT,CST LANSING AVE,W,30,1,1,2,2,2,64,Y,N,3,,,2,
2150036380,MO0100200,2015211946,07,2015-11-23 17:12:00.0,,2015-11-23 00:00:00.0,12,,0,0,0,0,010,0610,NA,NA,1,1,A,IS,1,123.47988,-92.33437,38.96917,70,IS 70,W,60,200,0.04,01,A,MO 163,S,35,1,1,2,3,3,61,Y,N,1,,,1,
2150037631,MO0100200,2015218665,07,2015-12-04 10:50:00.0,,2015-12-04 00:00:00.0,0,,1,1,0,0,010,0610,NA,NA,1,1,B,US,1,0.899,-92.29206,38.96168,63C,US 63C,N,45,0,0,01,AT,IS 70,E,60,1,1,1,1,2,61,Y,N,1,,,1,
2150037769,MO0100200,2015223416,07,2015-12-11 12:09:00.0,,2015-12-11 00:00:00.0,-1,U,0,0,0,0,010,0610,NA,NA,1,1,L,CST,1,1.83206,-92.37099,38.97219,,CST STADIUM BLVD,S,40,100,0.02,01,B,CST AARON DR,W,25,1,5,2,1,2,70,N,N,2,,,1,
2150038139,MO0100200,2015225396,07,2015-12-14 14:42:00.0,,2015-12-14 00:00:00.0,7,,0,0,0,0,010,0610,NA,NA,1,3,L,CST,1,0.7708,-92.34485,38.90424,,CST BETHEL ST,S,20,75,0.01,01,B,CST SUDBURY DR,W,25,1,1,1,1,2,61,Y,N,2,,,1,
2150038319,MO0100200,2015223936,10,2015-12-12 00:08:00.0,,2015-12-12 00:00:00.0,11,,1,1,0,0,010,0610,NA,NA,1,1,H,RT,5,7.945,-92.27252,39.01479,B,RT B,N,55,1200,0.23,01,A,CST WACO RD,E,30,1,1,1,3,1,NA,Y,N,2,,,2,
2150038473,MO0100200,2015224926,07,2015-12-13 18:41:00.0,,2015-12-13 00:00:00.0,7,,2,2,0,0,010,0610,NA,NA,1,3,L,CST,2,0.983,-92.38541,38.9551,,CST BROADWAY,W,45,200,0.04,01,A,CST PARK DE VILLE DR,N,25,1,1,1,2,2,60,Y,N,3,,,2,
2150039109,MO0100200,2015219069,07,2015-12-04 20:44:00.0,,2015-12-04 00:00:00.0,5,,0,0,0,0,010,0610,NA,NA,1,1,M,LP,1,0.474,-92.34403,38.96581,70,LP 70,W,35,0,0,01,NA,CST MADISON ST,N,30,1,1,2,2,2,63,Y,N,1,,,1,
2150039287,MO0100200,2015225147,07,2015-12-14 06:43:00.0,,2015-12-14 00:00:00.0,10,,0,0,0,0,010,0610,NA,NA,1,3,N,RP,4,0.158,-92.33365,38.96949,,RP 227805,N,40,0,0,01,NA,MO 163,N,35,1,4,2,1,2,61,Y,N,3,,,2,
2150039511,MO0100200,2015192185,07,2015-10-23 17:45:00.0,,2015-10-23 00:00:00.0,13,,0,0,0,0,010,0610,NA,NA,1,1,L,CST,2,1.087,-92.33341,38.94263,,CST ROLLINS ST,W,35,30,0.01,01,B,MO 163,N,35,1,1,1,1,2,63,Y,N,2,,,1,
2150039518,MO0100200,2015206700,07,2015-11-15 13:22:00.0,,2015-11-15 00:00:00.0,13,,1,1,0,0,010,0610,NA,NA,1,3,L,CST,1,1.167,-92.28747,38.96388,,CST CLARK LN,W,40,50,0.01,01,A,CST CREEKWOOD PKWY,S,30,1,1,2,1,3,61,Y,N,2,,,1,
2150039520,MO0100200,2015207630,03,2015-11-17 05:14:00.0,,2015-11-17 00:00:00.0,6,,0,0,0,0,010,0610,NA,NA,2,1,B,US,4,122.22,-92.2951,38.93259,63,US 63,S,65,15,0,01,B,BRIDGE A3438,NA,NA,1,1,2,3,1,NA,Y,N,3,,,2,
2150039698,MO0100200,2015201937,07,2015-11-06 16:32:00.0,,2015-11-06 00:00:00.0,5,,2,2,0,0,010,0610,NA,NA,1,3,D,MO,5,3.065,-92.32615,38.98276,763,MO 763,S,45,0,0,02,AT,CST BLUE RIDGE RD,W,35,1,1,2,1,2,64,Y,N,1,,,1,
2150039699,MO0100200,2015202602,03,2015-11-08 22:39:00.0,,2015-11-08 00:00:00.0,5,,0,0,0,0,010,0610,NA,NA,2,U,K,CRD,1,3.513,-92.35056,38.9883,,CRD CREASY SPRINGS RD,N,35,300,0.06,01,A,CRD PRAIRIEVIEW DR,E,30,2,1,2,2,1,NA,Y,N,1,,,1,
2150039995,MO0100200,2015227373,07,2015-12-17 06:20:00.0,,2015-12-17 00:00:00.0,13,,0,0,0,0,010,0610,NA,NA,1,3,L,CST,1,0.07,-92.31825,38.96398,,CST EDISON ST,S,30,0,0,01,NA,LP 70,W,35,1,5,2,2,2,61,Y,N,2,,,1,
2150040177,MO0100200,2015231424,07,2015-12-23 09:24:00.0,,2015-12-23 00:00:00.0,2,,0,0,0,0,010,0610,NA,NA,1,3,L,CST,1,4.62,-92.31337,38.96139,,CST PARIS RD,N,30,0,0,04,AT,CST GORDON ST,E,30,2,1,2,1,2,64,Y,N,2,,,2,
2150040335,MO0100200,2015181234,07,2015-10-07 11:39:00.0,,2015-10-07 00:00:00.0,25,,1,1,0,0,010,0610,NA,NA,1,1,H,RT,5,10.823,-92.29605,38.97894,B,RT B,N,45,300,0.06,01,A,CST MEXICO GRAVEL RD,W,30,1,1,2,1,2,64,Y,N,1,,,1,
2150040491,MO0100200,2015226292,07,2015-12-15 20:05:00.0,,2015-12-15 00:00:00.0,5,,0,0,0,0,010,0610,NA,NA,1,1,A,IS,3,125.62488,-92.37173,38.96849,70,IS 70,W,60,200,0.04,01,A,MO 740,E,35,1,5,2,3,2,63,Y,N,1,,,1,
2150040761,MO0100200,2015226990,07,2015-12-16 17:51:00.0,,2015-12-16 00:00:00.0,12,,0,0,0,0,010,0610,NA,NA,1,1,H,RT,1,7.764,-92.27343,39.0173,B,RT B,N,45,150,0.03,01,B,CST BROWN STATION RD,E,30,1,1,2,1,2,64,Y,N,1,,,1,
2150040903,MO0100200,2015233296,07,2015-12-26 15:13:00.0,,2015-12-26 00:00:00.0,32,,2,2,0,0,010,0610,NA,NA,1,1,L,CST,1,1.17,-92.39933,38.9395,,CST SCOTT BLVD,S,45,0,0,03,AT,CRD GEORGETOWN DR,E,35,1,1,2,1,2,64,Y,N,3,2,,2,
2150041676,MO0100200,2015234391,07,2015-12-28 19:28:00.0,,2015-12-28 00:00:00.0,12,,0,0,0,0,010,0610,NA,NA,1,1,K,CRD,1,0.159,-92.32552,39.00615,,CRD SHALIMAR DR,E,25,0,0,01,NA,CRD BURNING BUSH,E,25,1,1,1,3,2,64,Y,N,1,,,1,
3150022746,MOMHPFF00,150546314,07,2015-09-01 10:15:00.0,,2015-09-01 00:00:00.0,0,,0,0,0,0,010,0610,3,F,1,1,B,US,2,218.72967,-92.28377,38.97541,63,US 63,N,65,572,0.11,01,B,CST VANDIVER,E,NA,1,1,2,1,2,63,Y,Y,1,,,1,